product_name,brand,scraped_brand,price_czk,discounted_price_czk,is_discounted,discount_pct,url,competitor,scraped_at
Triko Un-Wasted Steel Melange,Armedangels,Armedangels,1499.0,,False,,https://www.nila.cz/triko-un-wasted-steel-melange/,nila,2026-04-08T01:20:27.062225+00:00
Triko Un-Wasted Undyed Cinnamon,Armedangels,Armedangels,1499.0,,False,,https://www.nila.cz/triko-un-wasted-undyed-cinnamon/,nila,2026-04-08T01:20:27.062225+00:00
Triko Idaara Stripes,Armedangels,Armedangels,1199.0,,False,,https://www.nila.cz/triko-idaara-stripes/,nila,2026-04-08T01:20:27.062225+00:00
Triko Iconic Tarjaa Mars Red,Armedangels,Armedangels,1299.0,,False,,https://www.nila.cz/triko-iconic-tarjaa-mars-red/,nila,2026-04-08T01:20:27.062225+00:00
Tílko Kanita Stripes,Armedangels,Armedangels,999.0,,False,,https://www.nila.cz/tilko-kanita-stripes-xs/,nila,2026-04-08T01:20:27.062225+00:00
Top Boat Neck Black,Armedangels,Armedangels,1499.0,,False,,https://www.nila.cz/top-boat-neck-black/,nila,2026-04-08T01:20:27.062225+00:00
Top Larisaana Mars Red,Armedangels,Armedangels,1999.0,,False,,https://www.nila.cz/top-larisaana-mars-red/,nila,2026-04-08T01:20:27.062225+00:00
Halenka Check Boxy Oatmilk Black,Armedangels,Armedangels,2999.0,2459.0,True,18.0,https://www.nila.cz/halenka-check-boxy-oatmilk-black/,nila,2026-04-08T01:20:27.062225+00:00
Kardigan Compact Walnut Cream,Armedangels,Armedangels,3499.0,,False,,https://www.nila.cz/kardigan-compact-walnut-cream/,nila,2026-04-08T01:20:27.062225+00:00
Svetr Merinaa Stripes,Armedangels,Armedangels,2199.0,,False,,https://www.nila.cz/svetr-merinaa-stripes/,nila,2026-04-08T01:20:27.062225+00:00
Svetr Merinaa Mars Red,Armedangels,Armedangels,3299.0,,False,,https://www.nila.cz/svetr-merinaa-mars-red/,nila,2026-04-08T01:20:27.062225+00:00
Mikina Bamikaa Undyed/Seal Grey Stripe,Armedangels,Armedangels,1799.0,,False,,https://www.nila.cz/mikina-bamikaa-undyedseal-grey-stripe/,nila,2026-04-08T01:20:27.062225+00:00
Mikina Frankaa Maarlen Mars Red Stripe,Armedangels,Armedangels,1999.0,,False,,https://www.nila.cz/mikina-frankaa-maarlen-mars-red-stripe/,nila,2026-04-08T01:20:27.062225+00:00
Vesta Long Pinstripe Night Sky,Armedangels,Armedangels,4299.0,3199.0,True,25.6,https://www.nila.cz/vesta-long-pinstripe-night-sky/,nila,2026-04-08T01:20:27.062225+00:00
Pletená vesta Compact Walnut Cream,Armedangels,Armedangels,2999.0,,False,,https://www.nila.cz/pletena-vesta-compact-walnut-cream/,nila,2026-04-08T01:20:27.062225+00:00
Džínová bunda Paasithe Loa,Armedangels,Armedangels,3499.0,2799.0,True,20.0,https://www.nila.cz/dzinova-bunda-paasithe-loa/,nila,2026-04-08T01:20:27.062225+00:00
Blejzr Mikulaa Walnut Cream,Armedangels,Armedangels,5699.0,,False,,https://www.nila.cz/blejzr-mikulaa-walnut-cream/,nila,2026-04-08T01:20:27.062225+00:00
Šaty Un-Wasted Steel Melange,Armedangels,Armedangels,2999.0,2399.0,True,20.0,https://www.nila.cz/saty-un-wasted-steel-melange/,nila,2026-04-08T01:20:27.062225+00:00
Sukně Lenovaa Satin Black,Armedangels,Armedangels,2499.0,,False,,https://www.nila.cz/sukne-lenovaa-satin-black/,nila,2026-04-08T01:20:27.062225+00:00
Sukně Lenovaa Satin Walnut Cream,Armedangels,Armedangels,2499.0,,False,,https://www.nila.cz/sukne-lenovaa-satin-walnut-cream/,nila,2026-04-08T01:20:27.062225+00:00
Sukně Check Circle Oatmilk Black,Armedangels,Armedangels,3999.0,2999.0,True,25.0,https://www.nila.cz/sukne-check-circle-oatmilk-black/,nila,2026-04-08T01:20:27.062225+00:00
Kalhoty Workwear Canvas True Camel,Armedangels,Armedangels,3299.0,,False,,https://www.nila.cz/kalhoty-workwear-canvas-true-camel/,nila,2026-04-08T01:20:27.062225+00:00
Kalhoty Workwear Canvas Mars Red,Armedangels,Armedangels,3299.0,,False,,https://www.nila.cz/kalhoty-workwear-canvas-mars-red/,nila,2026-04-08T01:20:27.062225+00:00
Kalhoty Kaayua Lino Sandstone,Armedangels,Armedangels,3699.0,,False,,https://www.nila.cz/kalhoty-kaayua-lino-sandstone/,nila,2026-04-08T01:20:27.062225+00:00
Kalhoty Kaayua Night Sky,Armedangels,Armedangels,3699.0,,False,,https://www.nila.cz/kalhoty-kaayua-night-sky/,nila,2026-04-08T01:20:27.062225+00:00
Kalhoty Kaayua Walnut Cream,Armedangels,Armedangels,3499.0,,False,,https://www.nila.cz/kalhoty-kaayua-walnut-cream/,nila,2026-04-08T01:20:27.062225+00:00
Legíny Faribaa Black,Armedangels,Armedangels,899.0,,False,,https://www.nila.cz/leginy-faribaa-black/,nila,2026-04-08T01:20:27.062225+00:00
Kšiltovka Yenaas Bold Fatigue Green,Armedangels,Armedangels,999.0,,False,,https://www.nila.cz/ksiltovka-yenaas-bold-fatigue-green/,nila,2026-04-08T01:20:27.062225+00:00
Kšiltovka Yenaas Bold Dried Palm,Armedangels,Armedangels,999.0,,False,,https://www.nila.cz/ksiltovka-yenaas-bold-dried-palm/,nila,2026-04-08T01:20:27.062225+00:00
Ponožky Stripe Oatmilk,Armedangels,Armedangels,499.0,,False,,https://www.nila.cz/ponozky-stripe-oatmilk/,nila,2026-04-08T01:20:27.062225+00:00
Pantofle Arizona Big Buckle Nubuck Black,Birkenstock,Birkenstock,3599.0,,False,,https://www.nila.cz/pantofle-arizona-big-buckle-nubuck-black/,nila,2026-04-08T01:20:36.495760+00:00
Pantofle Arizona SF Faded Khaki,Birkenstock,Birkenstock,3599.0,,False,,https://www.nila.cz/pantofle-arizona-sf-faded-khaki/,nila,2026-04-08T01:20:36.495760+00:00
Pantofle Madrid Big Buckle Nubuck Black,Birkenstock,Birkenstock,2999.0,,False,,https://www.nila.cz/pantofle-madrid-big-buckle-nubuck-black/,nila,2026-04-08T01:20:36.495760+00:00
Pantofle Madrid EVA Khaki,Birkenstock,Birkenstock,1299.0,,False,,https://www.nila.cz/pantofle-madrid-eva-khaki/,nila,2026-04-08T01:20:36.495760+00:00
Perka Blundstone 587 Rustic Black,Blundstone,Blundstone,4899.0,,False,,https://www.nila.cz/perka-blundstone-587-rustic-black/,nila,2026-04-08T01:20:46.060034+00:00
Perka Blundstone 1615 Dark Olive,Blundstone,Blundstone,4399.0,,False,,https://www.nila.cz/perka-blundstone-1615-dark-olive/,nila,2026-04-08T01:20:46.060034+00:00
Perka Blundstone 585 Rustic Brown,Blundstone,Blundstone,4899.0,,False,,https://www.nila.cz/perka-blundstone-585-rustic-brown/,nila,2026-04-08T01:20:46.060034+00:00
Perka Blundstone 1351 Rustic Brown,Blundstone,Blundstone,4899.0,,False,,https://www.nila.cz/perka-blundstone-1351-rustic-brown/,nila,2026-04-08T01:20:46.060034+00:00
Šaty Crome Dark Navy,ECOALF,Ecoalf,3699.0,,False,,https://www.nila.cz/saty-crome-dark-navy/,nila,2026-04-08T01:20:56.877006+00:00
Šaty Francesca Dark Navy,ECOALF,Ecoalf,2899.0,,False,,https://www.nila.cz/saty-francesca-dark-navy/,nila,2026-04-08T01:20:56.877006+00:00
Šaty Martina Dark Navy,ECOALF,Ecoalf,3599.0,,False,,https://www.nila.cz/saty-martina-dark-navy/,nila,2026-04-08T01:20:56.877006+00:00
Šaty Elettra Blue Indigo,ECOALF,Ecoalf,2599.0,,False,,https://www.nila.cz/saty-elettra-blue-indigo/,nila,2026-04-08T01:20:56.877006+00:00
Halenka Isabel Shell,ECOALF,Ecoalf,1999.0,,False,,https://www.nila.cz/halenka-isabel-shell/,nila,2026-04-08T01:20:56.877006+00:00
Halenka Pia Sky Blue,ECOALF,Ecoalf,2899.0,,False,,https://www.nila.cz/halenka-pia-sky-blue/,nila,2026-04-08T01:20:56.877006+00:00
Pletený top Tulip Navy Stripe,ECOALF,Ecoalf,1999.0,,False,,https://www.nila.cz/pleteny-top-tulip-navy-stripe/,nila,2026-04-08T01:20:56.877006+00:00
Top Marina Raw Stripe,ECOALF,Ecoalf,2399.0,,False,,https://www.nila.cz/top-marina-raw-stripe/,nila,2026-04-08T01:20:56.877006+00:00
Top Aria Ebony,ECOALF,Ecoalf,1599.0,,False,,https://www.nila.cz/top-aria-ebony/,nila,2026-04-08T01:20:56.877006+00:00
Kalhoty Moss Ebony,ECOALF,Ecoalf,2899.0,,False,,https://www.nila.cz/kalhoty-moss-ebony/,nila,2026-04-08T01:20:56.877006+00:00
Oboustranná bunda Gabi Ebony,ECOALF,Ecoalf,5799.0,,False,,https://www.nila.cz/oboustranna-bunda-gabi-ebony/,nila,2026-04-08T01:20:56.877006+00:00
Náušnice Ball Small (stříbro 925),ENAMEL Copenhagen,Enamel Copenhagen,1499.0,,False,,https://www.nila.cz/nausnice-ball-small-925s/,nila,2026-04-08T01:21:09.158178+00:00
Náhrdelník Talia (pozlacené stříbro 925),ENAMEL Copenhagen,Enamel Copenhagen,2099.0,,False,,https://www.nila.cz/nahrdelnik-talia-925sgp/,nila,2026-04-08T01:21:09.158178+00:00
Náhrdelník Talia (stříbro 925),ENAMEL Copenhagen,Enamel Copenhagen,2099.0,,False,,https://www.nila.cz/nahrdelnik-talia-925s/,nila,2026-04-08T01:21:09.158178+00:00
Náhrdelník Benedicte (pozlacené stříbro 925),ENAMEL Copenhagen,Enamel Copenhagen,2499.0,,False,,https://www.nila.cz/nahrdelnik-benedicte-925sgp/,nila,2026-04-08T01:21:09.158178+00:00
Prsten Miriam,ENAMEL Copenhagen,Enamel Copenhagen,1899.0,,False,,https://www.nila.cz/prsten-miriam-925sgp/,nila,2026-04-08T01:21:09.158178+00:00
Prsten Darla (pozlacené stříbro 925),ENAMEL Copenhagen,Enamel Copenhagen,1899.0,,False,,https://www.nila.cz/prsten-darla-925sgp/,nila,2026-04-08T01:21:09.158178+00:00
Prsten Ariel (pozlacené stříbro 925),ENAMEL Copenhagen,Enamel Copenhagen,1399.0,,False,,https://www.nila.cz/prsten-ariel-925sgp/,nila,2026-04-08T01:21:09.158178+00:00
Prsten Vea (pozlacené stříbro 925),ENAMEL Copenhagen,Enamel Copenhagen,1499.0,,False,,https://www.nila.cz/prsten-vea-925sgp-48-52/,nila,2026-04-08T01:21:09.158178+00:00
Prsten Vea (Stříbro 925),ENAMEL Copenhagen,Enamel Copenhagen,1499.0,,False,,https://www.nila.cz/prsten-vea-925s-48-52/,nila,2026-04-08T01:21:09.158178+00:00
Náušnice Sunshine Leaves (pozlacené stříbro 925),ENAMEL Copenhagen,Enamel Copenhagen,2199.0,,False,,https://www.nila.cz/nausnice-sunshine-leaves-925sgp/,nila,2026-04-08T01:21:09.158178+00:00
Náušnice Sana (pozlacené stříbro 925),ENAMEL Copenhagen,Enamel Copenhagen,1299.0,,False,,https://www.nila.cz/nausnice-sana-925sgp/,nila,2026-04-08T01:21:09.158178+00:00
Náušnice Sana (stříbro 925),ENAMEL Copenhagen,Enamel Copenhagen,1299.0,,False,,https://www.nila.cz/nausnice-sana-925s/,nila,2026-04-08T01:21:09.158178+00:00
Náušnice Carina (pozlacené stříbro 925),ENAMEL Copenhagen,Enamel Copenhagen,3499.0,,False,,https://www.nila.cz/nausnice-carina-925sgp/,nila,2026-04-08T01:21:09.158178+00:00
Přívěsek Finest Pearl (pozlacené stříbro 925),ENAMEL Copenhagen,Enamel Copenhagen,899.0,,False,,https://www.nila.cz/privesek-finest-pearl-925sgp/,nila,2026-04-08T01:21:09.158178+00:00
Náušnice Ball Chunky (pozlacené stříbro 925),ENAMEL Copenhagen,Enamel Copenhagen,2799.0,,False,,https://www.nila.cz/nausnice-ball-chunky-925sgp/,nila,2026-04-08T01:21:09.158178+00:00
Náhrdelník Caroline (pozlacené stříbro 925),ENAMEL Copenhagen,Enamel Copenhagen,2399.0,,False,,https://www.nila.cz/nahrdelnik-caroline-925sgp/,nila,2026-04-08T01:21:09.158178+00:00
Náhrdelník Caroline (stříbro 925),ENAMEL Copenhagen,Enamel Copenhagen,2399.0,,False,,https://www.nila.cz/nahrdelnik-caroline-925s/,nila,2026-04-08T01:21:09.158178+00:00
Náušnice Soleil Light Coral (pozlacené stříbro 925),ENAMEL Copenhagen,Enamel Copenhagen,1399.0,,False,,https://www.nila.cz/nausnice-soleil-light-coral-925sgp/,nila,2026-04-08T01:21:09.158178+00:00
Přívěsek Sunny Strawberry (pozlacené stříbro 925),ENAMEL Copenhagen,Enamel Copenhagen,899.0,,False,,https://www.nila.cz/privesek-sunny-strawberry-925sgp/,nila,2026-04-08T01:21:09.158178+00:00
Přívěsek Lively Lemon (pozlacené stříbro 925),ENAMEL Copenhagen,Enamel Copenhagen,899.0,,False,,https://www.nila.cz/privesek-lively-lemon-925sgp/,nila,2026-04-08T01:21:09.158178+00:00
Náramek Charm (pozlacené stříbro 925),ENAMEL Copenhagen,Enamel Copenhagen,1799.0,,False,,https://www.nila.cz/naramek-charm-medium-925sgp/,nila,2026-04-08T01:21:09.158178+00:00
Náramek Mom (pozlacené stříbro 925),ENAMEL Copenhagen,Enamel Copenhagen,1499.0,,False,,https://www.nila.cz/naramek-mom-925sgp/,nila,2026-04-08T01:21:09.158178+00:00
Náramek Trinity (stříbro 925),ENAMEL Copenhagen,Enamel Copenhagen,1599.0,,False,,https://www.nila.cz/naramek-trinity-925s/,nila,2026-04-08T01:21:09.158178+00:00
Náramek Soleil Petrol Green (pozlacené stříbro 925),ENAMEL Copenhagen,Enamel Copenhagen,1499.0,,False,,https://www.nila.cz/naramek-soleil-petrol-green-925sgp/,nila,2026-04-08T01:21:09.158178+00:00
Náramek Soleil Daisy (pozlacené stříbro 925),ENAMEL Copenhagen,Enamel Copenhagen,1499.0,,False,,https://www.nila.cz/naramek-soleil-daisy-925sgp/,nila,2026-04-08T01:21:09.158178+00:00
Náramek Lola Rainbow (pozlacené stříbro 925),ENAMEL Copenhagen,Enamel Copenhagen,1399.0,,False,,https://www.nila.cz/naramek-lola-rainbow-925sgp/,nila,2026-04-08T01:21:09.158178+00:00
Náramek Lola Rainbow (stříbro 925),ENAMEL Copenhagen,Enamel Copenhagen,1399.0,,False,,https://www.nila.cz/naramek-lola-rainbow-925s/,nila,2026-04-08T01:21:09.158178+00:00
Náramek Kia (stříbro 925),ENAMEL Copenhagen,Enamel Copenhagen,1899.0,,False,,https://www.nila.cz/naramek-kia-925s/,nila,2026-04-08T01:21:09.158178+00:00
Náramek Kia (pozlacené stříbro 925),ENAMEL Copenhagen,Enamel Copenhagen,1899.0,,False,,https://www.nila.cz/naramek-kia-925sgp/,nila,2026-04-08T01:21:09.158178+00:00
Náramek Amore (stříbro 925),ENAMEL Copenhagen,Enamel Copenhagen,1699.0,,False,,https://www.nila.cz/naramek-amore-925s/,nila,2026-04-08T01:21:09.158178+00:00
Náhrdelník Treasure (pozlacené stříbro 925),ENAMEL Copenhagen,Enamel Copenhagen,2799.0,,False,,https://www.nila.cz/nahrdelnik-treasure-925sgp/,nila,2026-04-08T01:21:09.158178+00:00
Náhrdelník Box Chain (stříbro 925),ENAMEL Copenhagen,Enamel Copenhagen,1899.0,,False,,https://www.nila.cz/nahrdelnik-box-chain-925s/,nila,2026-04-08T01:21:09.158178+00:00
Náhrdelník Organic Heart (pozlacené stříbro 925),ENAMEL Copenhagen,Enamel Copenhagen,1899.0,,False,,https://www.nila.cz/nahrdelnik-organic-heart-gold-stribro-925-pozlacene-18kt-zlatem/,nila,2026-04-08T01:21:09.158178+00:00
Náhrdelník Soleil Daisy (pozlacené stříbro 925),ENAMEL Copenhagen,Enamel Copenhagen,1899.0,,False,,https://www.nila.cz/nahrdelnik-soleil-daisy-925sgp/,nila,2026-04-08T01:21:09.158178+00:00
Náhrdelník Soleil Petrol Green (pozlacené stříbro 925),ENAMEL Copenhagen,Enamel Copenhagen,1899.0,,False,,https://www.nila.cz/nahrdelnik-soleil-petrol-green-925sgp/,nila,2026-04-08T01:21:09.158178+00:00
Náhrdelník Mom (pozlacené stříbro 925),ENAMEL Copenhagen,Enamel Copenhagen,2199.0,,False,,https://www.nila.cz/nahrdelnik-mom-925sgp/,nila,2026-04-08T01:21:09.158178+00:00
Náhrdelník Mom (stříbro 925),ENAMEL Copenhagen,Enamel Copenhagen,2199.0,,False,,https://www.nila.cz/nahrdelnik-mom-925s/,nila,2026-04-08T01:21:09.158178+00:00
Náhrdelník Kia (pozlacené stříbro 925),ENAMEL Copenhagen,Enamel Copenhagen,2499.0,,False,,https://www.nila.cz/nahrdelnik-kia-925sgp/,nila,2026-04-08T01:21:09.158178+00:00
Náhrdelník Kia (stříbro 925),ENAMEL Copenhagen,Enamel Copenhagen,2499.0,,False,,https://www.nila.cz/nahrdelnik-kia-925s/,nila,2026-04-08T01:21:09.158178+00:00
Náušnice Sunshine Leaves (stříbro 925),ENAMEL Copenhagen,Enamel Copenhagen,2199.0,,False,,https://www.nila.cz/nausnice-sunshine-leaves-925s/,nila,2026-04-08T01:21:09.158178+00:00
Náušnice Nela Big (pozlacené stříbro 925),ENAMEL Copenhagen,Enamel Copenhagen,2599.0,,False,,https://www.nila.cz/nausnice-nela-big-925sgp-1/,nila,2026-04-08T01:21:09.158178+00:00
Náušnice Nela Big (stříbro 925),ENAMEL Copenhagen,Enamel Copenhagen,2599.0,,False,,https://www.nila.cz/nausnice-nela-big-925s/,nila,2026-04-08T01:21:09.158178+00:00
Náušnice Astrid Pearl (pozlacené stříbro 925),ENAMEL Copenhagen,Enamel Copenhagen,1899.0,,False,,https://www.nila.cz/nausnice-astrid-pearl-925sgp/,nila,2026-04-08T01:21:09.158178+00:00
Náramek Box Chain Gold (pozlacené stříbro 925),ENAMEL Copenhagen,Enamel Copenhagen,1099.0,,False,,https://www.nila.cz/naramek-box-chain-925sgp/,nila,2026-04-08T01:21:09.158178+00:00
Náramek Box Chain (stříbro 925),ENAMEL Copenhagen,Enamel Copenhagen,1099.0,,False,,https://www.nila.cz/naramek-box-chain-925s/,nila,2026-04-08T01:21:09.158178+00:00
Náhrdelník Lola Rainbow (pozlacené stříbro 925),ENAMEL Copenhagen,Enamel Copenhagen,1499.0,,False,,https://www.nila.cz/nahrdelnik-lola-rainbow-925sgp/,nila,2026-04-08T01:21:09.158178+00:00
Náušnice Belle Pearl (pozlacené stříbro 925),ENAMEL Copenhagen,Enamel Copenhagen,1499.0,,False,,https://www.nila.cz/nausnice-belle-pearl-gold-stribro-925-pozlacene-18kt-zlatem/,nila,2026-04-08T01:21:09.158178+00:00
Náhrdelník Pearlie (pozlacené stříbro 925),ENAMEL Copenhagen,Enamel Copenhagen,2199.0,,False,,https://www.nila.cz/nahrdelnik-pearlie-925sgp/,nila,2026-04-08T01:21:09.158178+00:00
Náušnice Kai Pearl (pozlacené stříbro 925),ENAMEL Copenhagen,Enamel Copenhagen,1799.0,,False,,https://www.nila.cz/nausnice-kai-pearl-925sgp/,nila,2026-04-08T01:21:09.158178+00:00
Náušnice Soleil Daisy (pozlacené stříbro 925),ENAMEL Copenhagen,Enamel Copenhagen,1399.0,,False,,https://www.nila.cz/nausnice-soleil-daisy-925sgp/,nila,2026-04-08T01:21:09.158178+00:00
Náušnice Soleil Petrol Green (pozlacené stříbro 925),ENAMEL Copenhagen,Enamel Copenhagen,1399.0,,False,,https://www.nila.cz/nausnice-soleil-petrol-green-925sgp/,nila,2026-04-08T01:21:09.158178+00:00
Náušnice Wave (stříbro 925),ENAMEL Copenhagen,Enamel Copenhagen,1899.0,,False,,https://www.nila.cz/nausnice-wave-925s/,nila,2026-04-08T01:21:09.158178+00:00
Náušnice Wave (pozlacené stříbro 925),ENAMEL Copenhagen,Enamel Copenhagen,1899.0,,False,,https://www.nila.cz/nausnice-wave-925sgp/,nila,2026-04-08T01:21:09.158178+00:00
Náramek Organic Heart (stříbro 925),ENAMEL Copenhagen,Enamel Copenhagen,1549.0,,False,,https://www.nila.cz/naramek-organic-heart-925s/,nila,2026-04-08T01:21:09.158178+00:00
Náhrdelník Amore Red (pozlacené stříbro 925),ENAMEL Copenhagen,Enamel Copenhagen,1899.0,,False,,https://www.nila.cz/nahrdelnik-amore-red-925sgp/,nila,2026-04-08T01:21:09.158178+00:00
Náušnice Eleanor Pearl (stříbro 925),ENAMEL Copenhagen,Enamel Copenhagen,1499.0,,False,,https://www.nila.cz/nausnice-eleanor-pearl-925s/,nila,2026-04-08T01:21:09.158178+00:00
Náramek Organic Heart (pozlacené stříbro 925),ENAMEL Copenhagen,Enamel Copenhagen,1549.0,,False,,https://www.nila.cz/naramek-organic-heart-925sgp/,nila,2026-04-08T01:21:09.158178+00:00
Náhrdelník Erna (pozlacené stříbro 925),ENAMEL Copenhagen,Enamel Copenhagen,2899.0,,False,,https://www.nila.cz/nahrdelnik-erna/,nila,2026-04-08T01:21:09.158178+00:00
Prsten Neli (pozlacené stříbro 925),ENAMEL Copenhagen,Enamel Copenhagen,1999.0,1599.0,True,20.0,https://www.nila.cz/prsten-neli-925sgp-48-52/,nila,2026-04-08T01:21:09.158178+00:00
Prsten Neli (stříbro 925),ENAMEL Copenhagen,Enamel Copenhagen,1999.0,1599.0,True,20.0,https://www.nila.cz/prsten-neli-925s-48-52/,nila,2026-04-08T01:21:09.158178+00:00
Konverzační karty pro děti a rodiče Hlubinka,Hlubina,Hlubina,699.0,,False,,https://www.nila.cz/konverzacni-karty-pro-deti-a-rodice-hlubinka/,nila,2026-04-08T01:21:20.872781+00:00
Konverzační karty Hlubina & Láska,Hlubina,Hlubina,699.0,,False,,https://www.nila.cz/konverzacni-karty-hlubina-laska/,nila,2026-04-08T01:21:20.872781+00:00
Konverzační karty Hlubina,Hlubina,Hlubina,699.0,,False,,https://www.nila.cz/konverzacni-karty-hlubina/,nila,2026-04-08T01:21:20.872781+00:00
Brýle #D SUN KIDS Golden Canyon,Izipizi,Izipizi,849.0,,False,,https://www.nila.cz/bryle-d-sun-kids-golden-canyon/,nila,2026-04-08T01:21:31.130374+00:00
Brýle #D SUN BABY Golden Canyon,Izipizi,Izipizi,849.0,,False,,https://www.nila.cz/bryle-d-sun-baby-golden-canyon/,nila,2026-04-08T01:21:31.130374+00:00
Brýle #M SUN Black Road,Izipizi,Izipizi,1499.0,,False,,https://www.nila.cz/bryle-m-sun-black-road/,nila,2026-04-08T01:21:31.130374+00:00
Brýle #C READING Havane,Izipizi,Izipizi,969.0,,False,,https://www.nila.cz/bryle-c-reading-havane/,nila,2026-04-08T01:21:31.130374+00:00
Brýle #M SUN Golden Canyon,Izipizi,Izipizi,1499.0,,False,,https://www.nila.cz/bryle-m-sun-golden-canyon/,nila,2026-04-08T01:21:31.130374+00:00
Brýle ROAD Black Road,Izipizi,Izipizi,1499.0,,False,,https://www.nila.cz/bryle-road-black-road/,nila,2026-04-08T01:21:31.130374+00:00
Brýle #D SUN Wild Hooves,Izipizi,Izipizi,1499.0,,False,,https://www.nila.cz/bryle-d-sun-wild-hooves/,nila,2026-04-08T01:21:31.130374+00:00
Brýle #D SUN Turquoise Stone,Izipizi,Izipizi,1499.0,,False,,https://www.nila.cz/bryle-d-sun-turquoise-stone/,nila,2026-04-08T01:21:31.130374+00:00
Brýle #C SUN Sandstorm Polarized,Izipizi,Izipizi,1499.0,,False,,https://www.nila.cz/bryle-c-sun-sandstorm-polarized/,nila,2026-04-08T01:21:31.130374+00:00
Brýle #C SUN Black Road Polarized,Izipizi,Izipizi,1499.0,,False,,https://www.nila.cz/bryle-c-sun-black-road-polarized/,nila,2026-04-08T01:21:31.130374+00:00
Brýle OFFICE READING Black,Izipizi,Izipizi,969.0,,False,,https://www.nila.cz/bryle-office-reading-black-1/,nila,2026-04-08T01:21:31.130374+00:00
Brýle SUN PLAY Athletic Purple,Izipizi,Izipizi,1299.0,,False,,https://www.nila.cz/bryle-sun-play-athletic-purple/,nila,2026-04-08T01:21:31.130374+00:00
Brýle #C SUN Frozen Blue,Izipizi,Izipizi,1199.0,,False,,https://www.nila.cz/bryle-c-sun-frozen-blue/,nila,2026-04-08T01:21:31.130374+00:00
Brýle #I SUN Tortoise Green,Izipizi,Izipizi,1199.0,,False,,https://www.nila.cz/bryle-i-sun-tortoise-green/,nila,2026-04-08T01:21:31.130374+00:00
Brýle #C READING Light Tortoise,Izipizi,Izipizi,969.0,,False,,https://www.nila.cz/bryle-c-reading-light-tortoise/,nila,2026-04-08T01:21:31.130374+00:00
Brýle #C READING Frozen Blue,Izipizi,Izipizi,969.0,,False,,https://www.nila.cz/bryle-c-reading-frozen-blue/,nila,2026-04-08T01:21:31.130374+00:00
Brýle #A READING Havane,Izipizi,Izipizi,969.0,,False,,https://www.nila.cz/bryle-a-reading-havane/,nila,2026-04-08T01:21:31.130374+00:00
Brýle #A READING Tortoise,Izipizi,Izipizi,969.0,,False,,https://www.nila.cz/bryle-a-reading-tortoise/,nila,2026-04-08T01:21:31.130374+00:00
Brýle #D READING Golden Green,Izipizi,Izipizi,969.0,,False,,https://www.nila.cz/bryle-d-reading-golden-green/,nila,2026-04-08T01:21:31.130374+00:00
Šaty Volta Flax Blue,Makia,Maska,7999.0,,False,,https://www.nila.cz/saty-volta-flax-blue/,nila,2026-04-08T01:21:43.271649+00:00
Šaty Alisa Begonia,Makia,Maska,4999.0,,False,,https://www.nila.cz/saty-alisa-begonia/,nila,2026-04-08T01:21:43.271649+00:00
Žebrovaný top Minna Hickory Brown,Makia,Maska,4499.0,,False,,https://www.nila.cz/zebrovany-top-minna-hickory-brown/,nila,2026-04-08T01:21:43.271649+00:00
Pletený top Lulia Taupe,Makia,Maska,3999.0,,False,,https://www.nila.cz/pleteny-top-lulia-taupe-xs/,nila,2026-04-08T01:21:43.271649+00:00
Mohérový svetr Karo Almost Black,Makia,Maska,6799.0,,False,,https://www.nila.cz/moherovy-svetr-karo-almost-black/,nila,2026-04-08T01:21:43.271649+00:00
Bavlněný svetr Lark Bordeaux,Makia,Maska,4999.0,,False,,https://www.nila.cz/bavlneny-svetr-lark-bordeaux/,nila,2026-04-08T01:21:43.271649+00:00
Bavlněný svetr Meri Sky Blue,Makia,Maska,4999.0,,False,,https://www.nila.cz/bavlneny-svetr-meri-sky-blue/,nila,2026-04-08T01:21:43.271649+00:00
Kalhoty Hisa Bordeaux,Makia,Maska,5999.0,,False,,https://www.nila.cz/kalhoty-hisa-bordeaux/,nila,2026-04-08T01:21:43.271649+00:00
Podprsenka Smooth Padded Deep Forest,Organic Basics,Organic Basics,1499.0,,False,,https://www.nila.cz/podprsenka-smooth-padded-deep-forest/,nila,2026-04-08T01:21:55.196796+00:00
Podprsenka Flex Lace Triangle Blac,Organic Basics,Organic Basics,1399.0,,False,,https://www.nila.cz/podprsenka-flex-lace-triangle-black/,nila,2026-04-08T01:21:55.196796+00:00
Podprsenka Soft Touch Veil Plunge Fig,Organic Basics,Organic Basics,1299.0,,False,,https://www.nila.cz/podprsenka-soft-touch-veil-plunge-fig/,nila,2026-04-08T01:21:55.196796+00:00
Podprsenka Soft Touch Basic Midnight Blue,Organic Basics,Organic Basics,1299.0,,False,,https://www.nila.cz/podprsenka-soft-touch-basic-midnight-blue/,nila,2026-04-08T01:21:55.196796+00:00
Podprsenka Soft Touch White,Organic Basics,Organic Basics,1299.0,,False,,https://www.nila.cz/podprsenka-soft-touch-white/,nila,2026-04-08T01:21:55.196796+00:00
Podprsenka Soft Touch Black,Organic Basics,Organic Basics,1299.0,,False,,https://www.nila.cz/podprsenka-soft-touch-black/,nila,2026-04-08T01:21:55.196796+00:00
Podprsenka Soft Touch Dusty Rose,Organic Basics,Organic Basics,1299.0,,False,,https://www.nila.cz/podprsenka-soft-touch-dusty-rose/,nila,2026-04-08T01:21:55.196796+00:00
Podprsenka Core Triangle Black,Organic Basics,Organic Basics,1299.0,,False,,https://www.nila.cz/podprsenka-core-triangle-black-2/,nila,2026-04-08T01:21:55.196796+00:00
Podprsenka Core Triangle Hazelnut,Organic Basics,Organic Basics,1299.0,,False,,https://www.nila.cz/podprsenka-core-triangle-hazelnut/,nila,2026-04-08T01:21:55.196796+00:00
Kalhotky Flex Lace Black,Organic Basics,Organic Basics,499.0,,False,,https://www.nila.cz/kalhotky-flex-lace-black/,nila,2026-04-08T01:21:55.196796+00:00
Kalhotky Soft Touch Veil Fig,Organic Basics,Organic Basics,549.0,,False,,https://www.nila.cz/kalhotky-soft-touch-veil-fig/,nila,2026-04-08T01:21:55.196796+00:00
Kalhotky Soft Touch Dusty Rose,Organic Basics,Organic Basics,499.0,,False,,https://www.nila.cz/kalhotky-soft-touch-dusty-rose/,nila,2026-04-08T01:21:55.196796+00:00
Kalhotky Soft Touch 3-pack,Organic Basics,Organic Basics,1499.0,,False,,https://www.nila.cz/kalhotky-soft-touch-3-pack/,nila,2026-04-08T01:21:55.196796+00:00
Kalhotky Core Black,Organic Basics,Organic Basics,399.0,,False,,https://www.nila.cz/kalhotky-core-briefs-black/,nila,2026-04-08T01:21:55.196796+00:00
Kalhotky Core Hazelnut,Organic Basics,Organic Basics,399.0,,False,,https://www.nila.cz/kalhotky-core-hazelnut/,nila,2026-04-08T01:21:55.196796+00:00
Kalhotky Smooth Hipster Sandstone,Organic Basics,Organic Basics,499.0,,False,,https://www.nila.cz/kalhotky-smooth-hipster-sandstone/,nila,2026-04-08T01:21:55.196796+00:00
Kalhotky Smooth Hipster Deep Forest,Organic Basics,Organic Basics,499.0,,False,,https://www.nila.cz/kalhotky-smooth-hipster-deep-forest/,nila,2026-04-08T01:21:55.196796+00:00
Kalhotky Smooth Hipster Black,Organic Basics,Organic Basics,499.0,,False,,https://www.nila.cz/kalhotky-smooth-hipster-black/,nila,2026-04-08T01:21:55.196796+00:00
Kalhotky Smooth Hipster Hazelnut,Organic Basics,Organic Basics,499.0,,False,,https://www.nila.cz/kalhotky-smooth-hipster-hazelnut/,nila,2026-04-08T01:21:55.196796+00:00
Podprsenka Soft Touch Ocher,Organic Basics,Organic Basics,1299.0,,False,,https://www.nila.cz/podprsenka-lite-ocher/,nila,2026-04-08T01:21:55.196796+00:00
Podprsenka Soft Touch Basic Dusty Rose,Organic Basics,Organic Basics,1299.0,,False,,https://www.nila.cz/podprsenka-soft-touch-basic-dusty-rose/,nila,2026-04-08T01:21:55.196796+00:00
Podprsenka Soft Touch Basic Ocher,Organic Basics,Organic Basics,1299.0,,False,,https://www.nila.cz/podprsenka-soft-touch-basic-ocher/,nila,2026-04-08T01:21:55.196796+00:00
Kalhotky Bare High Rise Wood,Organic Basics,Organic Basics,699.0,499.0,True,28.6,https://www.nila.cz/kalhotky-bare-high-rise-wood-xs/,nila,2026-04-08T01:21:55.196796+00:00
Podprsenka Bare Bralette Wood,Organic Basics,Organic Basics,1499.0,1199.0,True,20.0,https://www.nila.cz/podprsenka-bare-bralette-wood-s/,nila,2026-04-08T01:21:55.196796+00:00
Sada na servírování sýrů,PrintWorks,Printworks,899.0,,False,,https://www.nila.cz/sada-na-servirovani-syru/,nila,2026-04-08T01:22:03.639392+00:00
Sada pro someliéry,PrintWorks,Printworks,1199.0,,False,,https://www.nila.cz/sada-pro-someliery/,nila,2026-04-08T01:22:03.639392+00:00
Sada na servírování dortu,PrintWorks,Printworks,1299.0,,False,,https://www.nila.cz/sada-na-servirovani-dortu-1/,nila,2026-04-08T01:22:03.639392+00:00
Sada tužek Classic,PrintWorks,Printworks,529.0,,False,,https://www.nila.cz/sada-tuzek-classic/,nila,2026-04-08T01:22:03.639392+00:00
Sada tužek Metallic,PrintWorks,Printworks,529.0,,False,,https://www.nila.cz/sada-tuzek-metallic/,nila,2026-04-08T01:22:03.639392+00:00
Puzzle Art Lover Morning Fields,PrintWorks,Printworks,899.0,,False,,https://www.nila.cz/puzzle-art-lover-morning-fields/,nila,2026-04-08T01:22:03.639392+00:00
Fotoalbum Life in Pictures Orange,PrintWorks,Printworks,1299.0,,False,,https://www.nila.cz/fotoalbum-life-in-pictures-orange-l/,nila,2026-04-08T01:22:03.639392+00:00
Fotoalbum Good Times S Yellow,PrintWorks,Printworks,999.0,,False,,https://www.nila.cz/fotoalbum-good-times/,nila,2026-04-08T01:22:03.639392+00:00
Fotoalbum Baby It's a Wild World Mint,PrintWorks,Printworks,1299.0,,False,,https://www.nila.cz/fotoalbum-baby-its-a-wild-world-mint/,nila,2026-04-08T01:22:03.639392+00:00
Fotoalbum Life Large Beige,PrintWorks,Printworks,1399.0,,False,,https://www.nila.cz/fotoalbum-life-large-beige/,nila,2026-04-08T01:22:03.639392+00:00
Frame Book Great Art Beige,PrintWorks,Printworks,899.0,,False,,https://www.nila.cz/frame-book-great-art-beige/,nila,2026-04-08T01:22:03.639392+00:00
The Art of Chess Mirror,PrintWorks,Printworks,3199.0,2299.0,True,28.1,https://www.nila.cz/the-art-of-chess-mirror/,nila,2026-04-08T01:22:03.639392+00:00
Mikado Printworks Classic,PrintWorks,Printworks,699.0,499.0,True,28.6,https://www.nila.cz/mikado-printworks-classic/,nila,2026-04-08T01:22:03.639392+00:00
Domino Printworks Classic,PrintWorks,Printworks,899.0,599.0,True,33.4,https://www.nila.cz/domino-classic/,nila,2026-04-08T01:22:03.639392+00:00
Šaty Ligi Stripes,SKFK,SKFK,3499.0,,False,,https://www.nila.cz/saty-ligi-stripes/,nila,2026-04-08T01:22:15.216039+00:00
Šaty Leire Cell,SKFK,SKFK,2999.0,,False,,https://www.nila.cz/saty-leire-cell/,nila,2026-04-08T01:22:15.216039+00:00
Šaty Zaine Black Black,SKFK,SKFK,2299.0,,False,,https://www.nila.cz/saty-zaine-black-black/,nila,2026-04-08T01:22:15.216039+00:00
Overal Kaie Green,SKFK,SKFK,3199.0,,False,,https://www.nila.cz/overal-kaie-green/,nila,2026-04-08T01:22:15.216039+00:00
Kalhoty Aine Navy,SKFK,SKFK,3399.0,,False,,https://www.nila.cz/kalhoty-aine-navy/,nila,2026-04-08T01:22:15.216039+00:00
Kalhoty Aine Beige,SKFK,SKFK,3399.0,,False,,https://www.nila.cz/kalhoty-aine-beige/,nila,2026-04-08T01:22:15.216039+00:00
Šortky Laida Green,SKFK,SKFK,2299.0,,False,,https://www.nila.cz/sortky-laida-green/,nila,2026-04-08T01:22:15.216039+00:00
Top Maindi Ivory,SKFK,SKFK,1799.0,,False,,https://www.nila.cz/top-maindi-ivory/,nila,2026-04-08T01:22:15.216039+00:00
Top Maindi Green,SKFK,SKFK,1799.0,,False,,https://www.nila.cz/top-maindi-green/,nila,2026-04-08T01:22:15.216039+00:00
Sukně Ioana Ivory,SKFK,SKFK,3399.0,,False,,https://www.nila.cz/sukne-ioana-ivory/,nila,2026-04-08T01:22:15.216039+00:00
Halenka Doltza Navy,SKFK,SKFK,2299.0,,False,,https://www.nila.cz/halenka-doltza-navy/,nila,2026-04-08T01:22:15.216039+00:00
Top Ekai Beige,SKFK,SKFK,1499.0,,False,,https://www.nila.cz/top-ekai-beige/,nila,2026-04-08T01:22:15.216039+00:00
Svetřík Muike Orange,SKFK,SKFK,2199.0,,False,,https://www.nila.cz/svetrik-muike-orange/,nila,2026-04-08T01:22:15.216039+00:00
Svetřík Muike Ivory,SKFK,SKFK,1999.0,,False,,https://www.nila.cz/svetrik-muike-ivory/,nila,2026-04-08T01:22:15.216039+00:00
Svetřík Bita Multicolour,SKFK,SKFK,2499.0,,False,,https://www.nila.cz/svetrik-bita-multicolour/,nila,2026-04-08T01:22:15.216039+00:00
Svetřík Naike Orange,SKFK,SKFK,2299.0,,False,,https://www.nila.cz/svetrik-naike-orange/,nila,2026-04-08T01:22:15.216039+00:00
Svetřík Iradi Pink,SKFK,SKFK,1999.0,,False,,https://www.nila.cz/svetrik-iradi-pink/,nila,2026-04-08T01:22:15.216039+00:00
Svetřík Iradi Green,SKFK,SKFK,1999.0,,False,,https://www.nila.cz/svetrik-iradi-green/,nila,2026-04-08T01:22:15.216039+00:00
Top Zelia Blue,SKFK,SKFK,1999.0,1599.0,True,20.0,https://www.nila.cz/top-zelia-blue/,nila,2026-04-08T01:22:15.216039+00:00
Svetřík Hera Ivory,SKFK,SKFK,2299.0,1799.0,True,21.7,https://www.nila.cz/svetrik-hera-ivory/,nila,2026-04-08T01:22:15.216039+00:00
Skládací taška One-Pull M Yoru Night,Shupatto,Shupatto,699.0,,False,,https://www.nila.cz/skladaci-taska-one-pull-m-yoru-night/,nila,2026-04-08T01:22:25.063440+00:00
Skládací taška One-Pull M Sumi Charcoal,Shupatto,Shupatto,699.0,,False,,https://www.nila.cz/skladaci-taska-one-pull-m-sumi-charcoal/,nila,2026-04-08T01:22:25.063440+00:00
Skládací taška One-Pull L Yoru Night,Shupatto,Shupatto,899.0,,False,,https://www.nila.cz/skladaci-taska-one-pull-l-yoru-night/,nila,2026-04-08T01:22:25.063440+00:00
Skládací taška One-Pull L Mori Forest,Shupatto,Shupatto,899.0,,False,,https://www.nila.cz/skladaci-taska-one-pull-l-mori-forest/,nila,2026-04-08T01:22:25.063440+00:00
Top Juliette Black,Thinking MU,Thinking Mu,1399.0,,False,,https://www.nila.cz/tilko-juliette-black/,nila,2026-04-08T01:22:35.812808+00:00
Triko Lucia Coberts Pannacota,Thinking MU,Thinking Mu,1399.0,,False,,https://www.nila.cz/triko-lucia-coberts-pannacota/,nila,2026-04-08T01:22:35.812808+00:00
Šaty Doechi Navy,Thinking MU,Thinking Mu,2299.0,,False,,https://www.nila.cz/saty-doechi-navy/,nila,2026-04-08T01:22:35.812808+00:00
Tenisky Paulistana Jute Cashew Oxford,Veja,Veja,3999.0,,False,,https://www.nila.cz/tenisky-paulistana-jute-cashew-oxford/,nila,2026-04-08T01:22:44.467848+00:00
Tenisky Paulistana Nautico Pierre,Veja,Veja,3999.0,,False,,https://www.nila.cz/tenisky-paulistana-nautico-pierre/,nila,2026-04-08T01:22:44.467848+00:00
Tenisky Rio Branco II Black White,Veja,Veja,3699.0,,False,,https://www.nila.cz/tenisky-rio-branco-ii-black-white/,nila,2026-04-08T01:22:44.467848+00:00
Tenisky Rio Branco II Poker Sari,Veja,Veja,3699.0,,False,,https://www.nila.cz/tenisky-rio-branco-ii-poker-sari/,nila,2026-04-08T01:22:44.467848+00:00
Tenisky Panenka White Black Bark,Veja,Veja,3699.0,,False,,https://www.nila.cz/tenisky-panenka-white-black-bark/,nila,2026-04-08T01:22:44.467848+00:00
Tenisky Volley Taupe Malibu Bark,Veja,Veja,3599.0,,False,,https://www.nila.cz/tenisky-volley-taupe-malibu-bark/,nila,2026-04-08T01:22:44.467848+00:00
Tenisky Volley White Kiwi Bark,Veja,Veja,3799.0,2659.0,True,30.0,https://www.nila.cz/tenisky-volley-white-kiwi-bark/,nila,2026-04-08T01:22:44.467848+00:00
Šaty Palermo Aubergine Stripes,Yerse,Yerse,3599.0,,False,,https://www.nila.cz/saty-palermo-aubergine-stripes/,nila,2026-04-08T01:22:55.511291+00:00
Konopné šaty Cami White,Yerse,Yerse,4799.0,,False,,https://www.nila.cz/konopne-saty-cami-white/,nila,2026-04-08T01:22:55.511291+00:00
Šaty Lara Mauve,Yerse,Yerse,3599.0,,False,,https://www.nila.cz/saty-lara-mauve/,nila,2026-04-08T01:22:55.511291+00:00
Šaty Lara Mustard,Yerse,Yerse,3599.0,,False,,https://www.nila.cz/saty-lara-mustard/,nila,2026-04-08T01:22:55.511291+00:00
Šaty Nara White,Yerse,Yerse,3599.0,,False,,https://www.nila.cz/saty-nara-white/,nila,2026-04-08T01:22:55.511291+00:00
Šaty Nara Tropical Yellow,Yerse,Yerse,3599.0,,False,,https://www.nila.cz/saty-nara-tropical-yellow/,nila,2026-04-08T01:22:55.511291+00:00
Šaty Maggie Ecru Stripes,Yerse,Yerse,2599.0,,False,,https://www.nila.cz/saty-maggie-ecru-stripes/,nila,2026-04-08T01:22:55.511291+00:00
Šaty Greta Yellow,Yerse,Yerse,2599.0,,False,,https://www.nila.cz/saty-greta-yellow/,nila,2026-04-08T01:22:55.511291+00:00
Triko O-stripes Sky Blue,Yerse,Yerse,999.0,,False,,https://www.nila.cz/triko-o-stripes-sky-blue/,nila,2026-04-08T01:22:55.511291+00:00
Triko O-stripes Hunter Green,Yerse,Yerse,999.0,,False,,https://www.nila.cz/triko-o-stripes-hunter-green/,nila,2026-04-08T01:22:55.511291+00:00
Lněný top Charlotte Khaki,Yerse,Yerse,2499.0,,False,,https://www.nila.cz/lneny-top-charlotte-khaki/,nila,2026-04-08T01:22:55.511291+00:00
Košile Amaia Ecru Stripes,Yerse,Yerse,2799.0,,False,,https://www.nila.cz/kosile-amaia-ecru-stripes/,nila,2026-04-08T01:22:55.511291+00:00
Halenka Maggie Hunter Green,Yerse,Yerse,2599.0,,False,,https://www.nila.cz/halenka-maggie-hunter-green/,nila,2026-04-08T01:22:55.511291+00:00
Halenka Claudie White,Yerse,Yerse,2799.0,,False,,https://www.nila.cz/halenka-claudie-white/,nila,2026-04-08T01:22:55.511291+00:00
Vesta Rita Chocolate,Yerse,Yerse,2999.0,,False,,https://www.nila.cz/vesta-rita-chocolate/,nila,2026-04-08T01:22:55.511291+00:00
Svetřík Oclarins Stripes Khaki,Yerse,Yerse,2299.0,,False,,https://www.nila.cz/triko-oclarins-stripes-khaki/,nila,2026-04-08T01:22:55.511291+00:00
Semišová sukně Amore,Yerse,Yerse,6299.0,,False,,https://www.nila.cz/semisova-sukne-amore-camel/,nila,2026-04-08T01:22:55.511291+00:00
Šortky Rita Chocolate,Yerse,Yerse,2799.0,,False,,https://www.nila.cz/sortky-rita-chocolate/,nila,2026-04-08T01:22:55.511291+00:00
Kalhoty Carli Hunter Green,Yerse,Yerse,2499.0,,False,,https://www.nila.cz/kalhoty-carli-hunter-green/,nila,2026-04-08T01:22:55.511291+00:00
Džíny Maria Water Green,Yerse,Yerse,3299.0,,False,,https://www.nila.cz/dziny-maria-water-green/,nila,2026-04-08T01:22:55.511291+00:00
Bunda Maria Water Green,Yerse,Yerse,4499.0,,False,,https://www.nila.cz/bunda-maria-water-green/,nila,2026-04-08T01:22:55.511291+00:00
Šála Dalia Apricot,Yerse,Yerse,799.0,,False,,https://www.nila.cz/sala-dalia-apricot/,nila,2026-04-08T01:22:55.511291+00:00
Šála Manila Chocolate,Yerse,Yerse,999.0,,False,,https://www.nila.cz/sala-manila-chocolate/,nila,2026-04-08T01:22:55.511291+00:00
Šála Milan Orange Red,Yerse,Yerse,999.0,,False,,https://www.nila.cz/sala-milan-orange-red/,nila,2026-04-08T01:22:55.511291+00:00
Šátek Roma White,Yerse,Yerse,759.0,,False,,https://www.nila.cz/satek-roma-white/,nila,2026-04-08T01:22:55.511291+00:00
Klobouk Camboya Chocolate,Yerse,Yerse,1799.0,,False,,https://www.nila.cz/klobouk-camboya-chocolate/,nila,2026-04-08T01:22:55.511291+00:00
Klobouk Vietnam Natural,Yerse,Yerse,1799.0,,False,,https://www.nila.cz/klobouk-vietnam-natural/,nila,2026-04-08T01:22:55.511291+00:00
Pásek Kenya Natural,Yerse,Yerse,1199.0,,False,,https://www.nila.cz/pasek-kenya-natural/,nila,2026-04-08T01:22:55.511291+00:00
