brand,freshlabels_name,freshlabels_price,freshlabels_url,nila_name,nila_price,nila_url,premium_pct,match_score,match_confidence,competitor,scraped_at,queens_name,queens_price,queens_url,tier
Thinking MU,Coberts Pannacota Lucia Tee,1290.0,https://www.freshlabels.cz/en/products/thinking-mu-coberts-pannacota-lucia-tee-tm1164/,Triko Lucia Coberts Pannacota,1399.0,https://www.nila.cz/triko-lucia-coberts-pannacota/,-7.79,89.28571428571429,MEDIUM,nila,2026-04-08T01:22:35.812808+00:00,,,,ENTRY
VONIAK,Santorini Breeze Home Diffuser 100 ml,599.0,https://www.freshlabels.cz/en/products/voniak-santorini-breeze-home-diffuser-100-ml-vo015/,,,,0.0,100.0,HIGH,queens,2026-04-08T01:20:15.466006+00:00,Voniak Santorini Breeze Home Diffuser 100 ml,599.0,https://www.queens.cz/cs/ostatni-doplnky/493459-voniak-santorini-breeze-home-diffuser-100-ml.html,BASICS
VONIAK,Woods of Kyushu Hand Soap 300 ml,399.0,https://www.freshlabels.cz/en/products/voniak-woods-of-kyushu-hand-soap-300-ml-vo032/,,,,0.0,100.0,HIGH,queens,2026-04-08T01:20:15.466006+00:00,Voniak Woods Of Kyushu Hand Soap 300 ml,399.0,https://www.queens.cz/cs/ostatni-doplnky/493495-voniak-woods-of-kyushu-hand-soap-300-ml.html,BASICS
VONIAK,Santal Bombay Hand Soap 300 ml,399.0,https://www.freshlabels.cz/en/products/voniak-santal-bombay-hand-soap-300-ml-vo026/,,,,0.0,100.0,HIGH,queens,2026-04-08T01:20:15.466006+00:00,Voniak Santal Bombay Hand Soap 300 ml,399.0,https://www.queens.cz/cs/ostatni-doplnky/493492-voniak-santal-bombay-hand-soap-300-ml.html,BASICS
Veja,Campo,3790.0,https://www.freshlabels.cz/en/products/veja-campo-ve168/,,,,9.57,83.33333333333334,MEDIUM,queens,2026-04-08T01:20:27.460761+00:00,Veja W Campo,3459.0,https://www.queens.cz/cs/damske-tenisky-a-boty/488866-veja-w-campo-guimauve-pierre-petale.html,PREMIUM
Veja,Campo,3490.0,https://www.freshlabels.cz/en/products/veja-campo-ve440/,,,,0.9,83.33333333333334,MEDIUM,queens,2026-04-08T01:20:27.460761+00:00,Veja W Campo,3459.0,https://www.queens.cz/cs/damske-tenisky-a-boty/488866-veja-w-campo-guimauve-pierre-petale.html,PREMIUM
Veja,V-90 O.T. Leather,3990.0,https://www.freshlabels.cz/en/products/veja-v-90-ot-leather-ve458/,,,,-0.23,94.11764705882352,HIGH,queens,2026-04-08T01:20:27.460761+00:00,Veja W V-90 O.T Leather,3999.0,https://www.queens.cz/cs/damske-tenisky-a-boty/409807-veja-w-v-90-ot-leather-ex-whitemarsala.html,PREMIUM
Veja,Campo,3390.0,https://www.freshlabels.cz/en/products/veja-campo-ve441/,,,,-1.99,83.33333333333334,MEDIUM,queens,2026-04-08T01:20:27.460761+00:00,Veja W Campo,3459.0,https://www.queens.cz/cs/damske-tenisky-a-boty/488866-veja-w-campo-guimauve-pierre-petale.html,PREMIUM
Blundstone,587,4990.0,https://www.freshlabels.cz/en/products/blundstone-587-blu014k/,,,,-0.18,100.0,HIGH,queens,2026-04-08T01:18:16.021908+00:00,Blundstone 587,4999.0,https://www.queens.cz/cs/panske-tenisky-a-boty/462310-blundstone-587-rustic-black.html,PREMIUM
Blundstone,585,4990.0,https://www.freshlabels.cz/en/products/blundstone-585-blu017/,,,,-0.18,100.0,HIGH,queens,2026-04-08T01:18:16.021908+00:00,Blundstone 585,4999.0,https://www.queens.cz/cs/panske-tenisky-a-boty/462307-blundstone-585-rustic-brown.html,PREMIUM
Blundstone,566,5190.0,https://www.freshlabels.cz/en/products/blundstone-566-blu034/,,,,-2.06,100.0,HIGH,queens,2026-04-08T01:18:16.021908+00:00,Blundstone 566,5299.0,https://www.queens.cz/cs/panske-tenisky-a-boty/462298-blundstone-566-black.html,PREMIUM
Blundstone,510,4790.0,https://www.freshlabels.cz/en/products/blundstone-510-blu007k/,,,,0.65,100.0,HIGH,queens,2026-04-08T01:18:16.021908+00:00,Blundstone 510,4759.0,https://www.queens.cz/cs/panske-tenisky-a-boty/462286-blundstone-510-black.html,PREMIUM
Blundstone,500,4790.0,https://www.freshlabels.cz/en/products/blundstone-500-blu005k/,,,,0.65,100.0,HIGH,queens,2026-04-08T01:18:16.021908+00:00,Blundstone 500,4759.0,https://www.queens.cz/cs/panske-tenisky-a-boty/462283-blundstone-500-brown.html,PREMIUM
Blundstone,2130,4990.0,https://www.freshlabels.cz/en/products/blundstone-2130-blu031/,,,,-0.18,100.0,HIGH,queens,2026-04-08T01:18:16.021908+00:00,Blundstone 2130,4999.0,https://www.queens.cz/cs/panske-tenisky-a-boty/462226-blundstone-2130-aura-burn.html,PREMIUM
Aevor,Sacoche Bag,1190.0,https://www.freshlabels.cz/en/products/aevor-sacoche-bag-ae287/,,,,20.2,100.0,HIGH,queens,2026-04-08T01:17:56.276650+00:00,AEVOR Sacoche Bag ,990.0,https://www.queens.cz/cs/tasky-pres-rameno/191836-aevor-sacoche-bag-ripstop-sundown.html,LIFESTYLE_CORE
Aevor,Sacoche Bag,1190.0,https://www.freshlabels.cz/en/products/aevor-sacoche-bag-ae288/,,,,20.2,100.0,HIGH,queens,2026-04-08T01:17:56.276650+00:00,AEVOR Sacoche Bag ,990.0,https://www.queens.cz/cs/tasky-pres-rameno/191836-aevor-sacoche-bag-ripstop-sundown.html,LIFESTYLE_CORE
Aevor,Sacoche Bag,990.0,https://www.freshlabels.cz/en/products/aevor-sacoche-bag-ae312/,,,,0.0,100.0,HIGH,queens,2026-04-08T01:17:56.276650+00:00,AEVOR Sacoche Bag ,990.0,https://www.queens.cz/cs/tasky-pres-rameno/191836-aevor-sacoche-bag-ripstop-sundown.html,LIFESTYLE_CORE
Aevor,Sacoche Bag,990.0,https://www.freshlabels.cz/en/products/aevor-sacoche-bag-ae313/,,,,0.0,100.0,HIGH,queens,2026-04-08T01:17:56.276650+00:00,AEVOR Sacoche Bag ,990.0,https://www.queens.cz/cs/tasky-pres-rameno/191836-aevor-sacoche-bag-ripstop-sundown.html,LIFESTYLE_CORE
Aevor,Sacoche Bag,990.0,https://www.freshlabels.cz/en/products/aevor-sacoche-bag-ae191/,,,,0.0,100.0,HIGH,queens,2026-04-08T01:17:56.276650+00:00,AEVOR Sacoche Bag ,990.0,https://www.queens.cz/cs/tasky-pres-rameno/191836-aevor-sacoche-bag-ripstop-sundown.html,LIFESTYLE_CORE
Aevor,Roll Pack Proof,2690.0,https://www.freshlabels.cz/en/products/aevor-roll-pack-proof-ae229/,,,,-23.12,80.0,MEDIUM,queens,2026-04-08T01:17:56.276650+00:00,AEVOR Trip Pack Proof ,3499.0,https://www.queens.cz/cs/batohy/97640-aevor-trip-pack-proof-black.html,LIFESTYLE_CORE
Aevor,Trip Pack Proof,3190.0,https://www.freshlabels.cz/en/products/aevor-trip-pack-proof-ae093/,,,,-8.83,100.0,HIGH,queens,2026-04-08T01:17:56.276650+00:00,AEVOR Trip Pack Proof ,3499.0,https://www.queens.cz/cs/batohy/97640-aevor-trip-pack-proof-black.html,LIFESTYLE_CORE
Aevor,Travel Pack Proof,3890.0,https://www.freshlabels.cz/en/products/aevor-travel-pack-proof-ae123/,,,,11.17,81.25,MEDIUM,queens,2026-04-08T01:17:56.276650+00:00,AEVOR Trip Pack Proof ,3499.0,https://www.queens.cz/cs/batohy/97640-aevor-trip-pack-proof-black.html,LIFESTYLE_CORE
Aevor,Trip Pack Proof,3190.0,https://www.freshlabels.cz/en/products/aevor-trip-pack-proof-ae092/,,,,-8.83,100.0,HIGH,queens,2026-04-08T01:17:56.276650+00:00,AEVOR Trip Pack Proof ,3499.0,https://www.queens.cz/cs/batohy/97640-aevor-trip-pack-proof-black.html,LIFESTYLE_CORE
Cariuma,TOCA,3790.0,https://www.freshlabels.cz/en/products/cariuma-toca-car006/,,,,11.5,80.0,MEDIUM,queens,2026-04-08T01:18:39.070967+00:00,Cariuma W Toca,3399.0,https://www.queens.cz/cs/damske-tenisky-a-boty/461872-cariuma-w-toca-leopard-print.html,PREMIUM
Cariuma,SALVAS,3590.0,https://www.freshlabels.cz/en/products/cariuma-salvas-car004/,,,,-10.03,85.71428571428572,MEDIUM,queens,2026-04-08T01:18:39.070967+00:00,Cariuma W Salvas,3990.0,https://www.queens.cz/cs/damske-tenisky-a-boty/413686-cariuma-w-salvas-white-icemetallic-gold.html,PREMIUM
Keen,Jasper Zionic Men,3990.0,https://www.freshlabels.cz/en/products/keen-jasper-zionic-men-kee033/,,,,-0.23,86.66666666666667,MEDIUM,queens,2026-04-08T01:19:20.598983+00:00,KEEN Jasper Zionic,3999.0,https://www.queens.cz/cs/panske-tenisky-a-boty/415135-keen-jasper-zionic-black-alloy.html,PREMIUM
Keen,Jasper Zionic Men,3990.0,https://www.freshlabels.cz/en/products/keen-jasper-zionic-men-kee025/,,,,-0.23,86.66666666666667,MEDIUM,queens,2026-04-08T01:19:20.598983+00:00,KEEN Jasper Zionic,3999.0,https://www.queens.cz/cs/panske-tenisky-a-boty/415135-keen-jasper-zionic-black-alloy.html,PREMIUM
Keen,Jasper Zionic Men,3990.0,https://www.freshlabels.cz/en/products/keen-jasper-zionic-men-kee034/,,,,-0.23,86.66666666666667,MEDIUM,queens,2026-04-08T01:19:20.598983+00:00,KEEN Jasper Zionic,3999.0,https://www.queens.cz/cs/panske-tenisky-a-boty/415135-keen-jasper-zionic-black-alloy.html,PREMIUM
Birkenstock,Madrid Big Buckle,3250.0,https://www.freshlabels.cz/en/products/birkenstock-madrid-big-buckle-bir476/,,,,132.14,89.47368421052632,MEDIUM,queens,2026-04-08T01:18:06.272967+00:00,Birkenstock Madrid Big Buckle EVA,1400.0,https://www.queens.cz/cs/damske-tenisky-a-boty/417241-birkenstock-madrid-big-buckle-eva-eggshell.html,PREMIUM
Birkenstock,Arizona EVA,1390.0,https://www.freshlabels.cz/en/products/birkenstock-arizona-eva-bir503/,,,,2.96,100.0,HIGH,queens,2026-04-08T01:18:06.272967+00:00,Birkenstock Arizona Eva,1350.0,https://www.queens.cz/cs/damske-tenisky-a-boty/80796-birkenstock-arizona-eva-black.html,PREMIUM
Birkenstock,Boston BS Suede Leather,3890.0,https://www.freshlabels.cz/en/products/birkenstock-boston-bs-suede-leather-bir524/,,,,2.4,100.0,HIGH,queens,2026-04-08T01:18:06.272967+00:00,Birkenstock Boston BS Suede Leather,3799.0,https://www.queens.cz/cs/damske-tenisky-a-boty/451318-birkenstock-boston-bs-suede-leather-sandcastle.html,PREMIUM
Birkenstock,Boston Suede Leather,3890.0,https://www.freshlabels.cz/en/products/birkenstock-boston-suede-leather-bir527/,,,,2.4,93.02325581395348,HIGH,queens,2026-04-08T01:18:06.272967+00:00,Birkenstock Boston BS Suede Leather,3799.0,https://www.queens.cz/cs/damske-tenisky-a-boty/451318-birkenstock-boston-bs-suede-leather-sandcastle.html,PREMIUM
Birkenstock,Arizona Big Buckle EVA,1650.0,https://www.freshlabels.cz/en/products/birkenstock-arizona-big-buckle-eva-bir506/,,,,3.12,100.0,HIGH,queens,2026-04-08T01:18:06.272967+00:00,Birkenstock Arizona Big Buckle EVA,1600.0,https://www.queens.cz/cs/damske-tenisky-a-boty/417247-birkenstock-arizona-big-buckle-eva-black.html,PREMIUM
Birkenstock,Arizona Big Buckle EVA,1650.0,https://www.freshlabels.cz/en/products/birkenstock-arizona-big-buckle-eva-bir518/,,,,3.12,100.0,HIGH,queens,2026-04-08T01:18:06.272967+00:00,Birkenstock Arizona Big Buckle EVA,1600.0,https://www.queens.cz/cs/damske-tenisky-a-boty/417247-birkenstock-arizona-big-buckle-eva-black.html,PREMIUM
Birkenstock,Boston Suede Leather,3750.0,https://www.freshlabels.cz/en/products/birkenstock-boston-suede-leather-bir517/,,,,-1.29,93.02325581395348,HIGH,queens,2026-04-08T01:18:06.272967+00:00,Birkenstock Boston BS Suede Leather,3799.0,https://www.queens.cz/cs/damske-tenisky-a-boty/451318-birkenstock-boston-bs-suede-leather-sandcastle.html,PREMIUM
Birkenstock,Boston Suede Leather,3890.0,https://www.freshlabels.cz/en/products/birkenstock-boston-suede-leather-bir528/,,,,2.4,93.02325581395348,HIGH,queens,2026-04-08T01:18:06.272967+00:00,Birkenstock Boston BS Suede Leather,3799.0,https://www.queens.cz/cs/damske-tenisky-a-boty/451318-birkenstock-boston-bs-suede-leather-sandcastle.html,PREMIUM
On,Cloudnova 2,4490.0,https://www.freshlabels.cz/en/products/on-cloudnova-2-onr180/,,,,0.0,91.66666666666666,HIGH,queens,2026-04-08T01:19:30.132283+00:00,On W Cloudnova 2,4490.0,https://www.queens.cz/cs/damske-tenisky-a-boty/403804-on-w-cloudnova-2-ice-sand.html,PREMIUM
On,Cloudnova X,4490.0,https://www.freshlabels.cz/en/products/on-cloudnova-x-onr182/,,,,0.0,83.33333333333334,MEDIUM,queens,2026-04-08T01:19:30.132283+00:00,On W Cloudnova 2,4490.0,https://www.queens.cz/cs/damske-tenisky-a-boty/403804-on-w-cloudnova-2-ice-sand.html,PREMIUM
Patagonia,Graphic Maclure Hat,1290.0,https://www.freshlabels.cz/en/products/patagonia-graphic-maclure-hat-pg2572/,,,,2.46,100.0,HIGH,queens,2026-04-08T01:19:53.157838+00:00,Patagonia Graphic Maclure Hat,1259.0,https://www.queens.cz/cs/ksiltovky/508279-patagonia-graphic-maclure-hat-p-6-label-birch-white.html,LIFESTYLE_CORE
Patagonia,Fisherman's Rolled Beanie,1090.0,https://www.freshlabels.cz/en/products/patagonia-fishermans-rolled-beanie-pg075/,,,,-0.82,93.87755102040816,HIGH,queens,2026-04-08T01:19:53.157838+00:00,Patagonia Fishermans Rolled Beanie ,1099.0,https://www.queens.cz/cs/cepice/75101-patagonia-fishermans-rolled-beanie-navy.html,LIFESTYLE_CORE
Patagonia,P-6 Logo Trucker Hat,990.0,https://www.freshlabels.cz/en/products/patagonia-p-6-logo-trucker-hat-pg2608/,,,,-0.9,92.3076923076923,HIGH,queens,2026-04-08T01:19:53.157838+00:00,Patagonia P­6 Logo Trucker Hat ,999.0,https://www.queens.cz/cs/ksiltovky/104902-patagonia-p6-logo-trucker-hat-black.html,LIFESTYLE_CORE
Patagonia,P-6 Logo LoPro Trucker Hat,990.0,https://www.freshlabels.cz/en/products/patagonia-p-6-logo-lopro-trucker-hat-pg2258/,,,,-0.9,100.0,HIGH,queens,2026-04-08T01:19:53.157838+00:00,Patagonia P-6 Logo LoPro Trucker Hat,999.0,https://www.queens.cz/cs/ksiltovky/388306-patagonia-p-6-logo-lopro-trucker-hat-new-navy.html,LIFESTYLE_CORE
Patagonia,P-6 Logo LoPro Trucker Hat,990.0,https://www.freshlabels.cz/en/products/patagonia-p-6-logo-lopro-trucker-hat-pg1393/,,,,-0.9,100.0,HIGH,queens,2026-04-08T01:19:53.157838+00:00,Patagonia P-6 Logo LoPro Trucker Hat,999.0,https://www.queens.cz/cs/ksiltovky/388306-patagonia-p-6-logo-lopro-trucker-hat-new-navy.html,LIFESTYLE_CORE
Patagonia,P-6 Logo LoPro Trucker Hat,990.0,https://www.freshlabels.cz/en/products/patagonia-p-6-logo-lopro-trucker-hat-pg1077/,,,,-0.9,100.0,HIGH,queens,2026-04-08T01:19:53.157838+00:00,Patagonia P-6 Logo LoPro Trucker Hat,999.0,https://www.queens.cz/cs/ksiltovky/388306-patagonia-p-6-logo-lopro-trucker-hat-new-navy.html,LIFESTYLE_CORE
Patagonia,P-6 Logo LoPro Trucker Hat,990.0,https://www.freshlabels.cz/en/products/patagonia-p-6-logo-lopro-trucker-hat-pg3090/,,,,-0.9,100.0,HIGH,queens,2026-04-08T01:19:53.157838+00:00,Patagonia P-6 Logo LoPro Trucker Hat,999.0,https://www.queens.cz/cs/ksiltovky/388306-patagonia-p-6-logo-lopro-trucker-hat-new-navy.html,LIFESTYLE_CORE
Patagonia,P-6 Logo Trucker Hat,990.0,https://www.freshlabels.cz/en/products/patagonia-p-6-logo-trucker-hat-pg3091/,,,,-0.9,92.3076923076923,HIGH,queens,2026-04-08T01:19:53.157838+00:00,Patagonia P­6 Logo Trucker Hat ,999.0,https://www.queens.cz/cs/ksiltovky/104902-patagonia-p6-logo-trucker-hat-black.html,LIFESTYLE_CORE
Patagonia,P-6 Logo Trucker Hat,990.0,https://www.freshlabels.cz/en/products/patagonia-p-6-logo-trucker-hat-pg3092/,,,,-0.9,92.3076923076923,HIGH,queens,2026-04-08T01:19:53.157838+00:00,Patagonia P­6 Logo Trucker Hat ,999.0,https://www.queens.cz/cs/ksiltovky/104902-patagonia-p6-logo-trucker-hat-black.html,LIFESTYLE_CORE
Patagonia,P-6 Logo Trucker Hat,990.0,https://www.freshlabels.cz/en/products/patagonia-p-6-logo-trucker-hat-pg3093/,,,,-0.9,92.3076923076923,HIGH,queens,2026-04-08T01:19:53.157838+00:00,Patagonia P­6 Logo Trucker Hat ,999.0,https://www.queens.cz/cs/ksiltovky/104902-patagonia-p6-logo-trucker-hat-black.html,LIFESTYLE_CORE
Patagonia,Graphic Maclure Hat,1290.0,https://www.freshlabels.cz/en/products/patagonia-graphic-maclure-hat-pg3061/,,,,2.46,100.0,HIGH,queens,2026-04-08T01:19:53.157838+00:00,Patagonia Graphic Maclure Hat,1259.0,https://www.queens.cz/cs/ksiltovky/508279-patagonia-graphic-maclure-hat-p-6-label-birch-white.html,LIFESTYLE_CORE
Patagonia,Graphic Maclure Hat,1290.0,https://www.freshlabels.cz/en/products/patagonia-graphic-maclure-hat-pg3063/,,,,2.46,100.0,HIGH,queens,2026-04-08T01:19:53.157838+00:00,Patagonia Graphic Maclure Hat,1259.0,https://www.queens.cz/cs/ksiltovky/508279-patagonia-graphic-maclure-hat-p-6-label-birch-white.html,LIFESTYLE_CORE
Patagonia,Graphic Maclure Hat,1290.0,https://www.freshlabels.cz/en/products/patagonia-graphic-maclure-hat-pg3064/,,,,2.46,100.0,HIGH,queens,2026-04-08T01:19:53.157838+00:00,Patagonia Graphic Maclure Hat,1259.0,https://www.queens.cz/cs/ksiltovky/508279-patagonia-graphic-maclure-hat-p-6-label-birch-white.html,LIFESTYLE_CORE
Patagonia,Graphic Maclure Hat,1290.0,https://www.freshlabels.cz/en/products/patagonia-graphic-maclure-hat-pg3062/,,,,2.46,100.0,HIGH,queens,2026-04-08T01:19:53.157838+00:00,Patagonia Graphic Maclure Hat,1259.0,https://www.queens.cz/cs/ksiltovky/508279-patagonia-graphic-maclure-hat-p-6-label-birch-white.html,LIFESTYLE_CORE
Patagonia,P-6 Logo Trucker Hat,990.0,https://www.freshlabels.cz/en/products/patagonia-p-6-logo-trucker-hat-pg657/,,,,-0.9,92.3076923076923,HIGH,queens,2026-04-08T01:19:53.157838+00:00,Patagonia P­6 Logo Trucker Hat ,999.0,https://www.queens.cz/cs/ksiltovky/104902-patagonia-p6-logo-trucker-hat-black.html,LIFESTYLE_CORE
Patagonia,Atom Tote Pack 20L,2190.0,https://www.freshlabels.cz/en/products/patagonia-atom-tote-pack-20l-pg2160/,,,,-0.41,100.0,HIGH,queens,2026-04-08T01:19:53.157838+00:00,Patagonia Atom Tote Pack 20L,2199.0,https://www.queens.cz/cs/batohy/508306-patagonia-atom-tote-pack-20l-.html,LIFESTYLE_CORE
Patagonia,Terravia Hip Pack,1390.0,https://www.freshlabels.cz/en/products/patagonia-terravia-hip-pack-pg2583/,,,,-0.64,100.0,HIGH,queens,2026-04-08T01:19:53.157838+00:00,Patagonia Terravia Hip Pack,1399.0,https://www.queens.cz/cs/ledvinky/429544-pata.html,LIFESTYLE_CORE
Patagonia,Atom Day Pack 24L,2490.0,https://www.freshlabels.cz/en/products/patagonia-atom-day-pack-24l-pg2790/,,,,-2.7,100.0,HIGH,queens,2026-04-08T01:19:53.157838+00:00,Patagonia Atom Day Pack 24L,2559.0,https://www.queens.cz/cs/batohy/465640-patagonia-atom-day-pack-24l-black.html,LIFESTYLE_CORE
Patagonia,Terravia Mini Hip Pack,990.0,https://www.freshlabels.cz/en/products/patagonia-terravia-mini-hip-pack-pg2681/,,,,10.12,100.0,HIGH,queens,2026-04-08T01:19:53.157838+00:00,Patagonia Terravia Mini Hip Pack,899.0,https://www.queens.cz/cs/ledvinky/423439-patagonia-terravia-mini-hip-pack-black.html,LIFESTYLE_CORE
Patagonia,Terravia Hip Pack,1390.0,https://www.freshlabels.cz/en/products/patagonia-terravia-hip-pack-pg2756/,,,,-0.64,100.0,HIGH,queens,2026-04-08T01:19:53.157838+00:00,Patagonia Terravia Hip Pack,1399.0,https://www.queens.cz/cs/ledvinky/429544-pata.html,LIFESTYLE_CORE
Patagonia,Atom Day Pack 24L,2490.0,https://www.freshlabels.cz/en/products/patagonia-atom-day-pack-24l-pg2789/,,,,-2.7,100.0,HIGH,queens,2026-04-08T01:19:53.157838+00:00,Patagonia Atom Day Pack 24L,2559.0,https://www.queens.cz/cs/batohy/465640-patagonia-atom-day-pack-24l-black.html,LIFESTYLE_CORE
Patagonia,Terravia Mini Hip Pack,990.0,https://www.freshlabels.cz/en/products/patagonia-terravia-mini-hip-pack-pg2717/,,,,10.12,100.0,HIGH,queens,2026-04-08T01:19:53.157838+00:00,Patagonia Terravia Mini Hip Pack,899.0,https://www.queens.cz/cs/ledvinky/423439-patagonia-terravia-mini-hip-pack-black.html,LIFESTYLE_CORE
Patagonia,Atom Tote Pack 20L,2190.0,https://www.freshlabels.cz/en/products/patagonia-atom-tote-pack-20l-pg1422/,,,,-0.41,100.0,HIGH,queens,2026-04-08T01:19:53.157838+00:00,Patagonia Atom Tote Pack 20L,2199.0,https://www.queens.cz/cs/batohy/508306-patagonia-atom-tote-pack-20l-.html,LIFESTYLE_CORE
Patagonia,Black Hole Pack 25L,3890.0,https://www.freshlabels.cz/en/products/patagonia-black-hole-pack-25l-pg2732/,,,,2.4,100.0,HIGH,queens,2026-04-08T01:19:53.157838+00:00,Patagonia Black Hole Pack 25L,3799.0,https://www.queens.cz/cs/batohy/465646-patagonia-black-hole-pack-25l-black.html,LIFESTYLE_CORE
Patagonia,Black Hole Pack 25L,3890.0,https://www.freshlabels.cz/en/products/patagonia-black-hole-pack-25l-pg2730/,,,,2.4,100.0,HIGH,queens,2026-04-08T01:19:53.157838+00:00,Patagonia Black Hole Pack 25L,3799.0,https://www.queens.cz/cs/batohy/465646-patagonia-black-hole-pack-25l-black.html,LIFESTYLE_CORE
Patagonia,Black Hole Pack 32L,4290.0,https://www.freshlabels.cz/en/products/patagonia-black-hole-pack-32l-pg2733/,,,,12.92,94.73684210526316,HIGH,queens,2026-04-08T01:19:53.157838+00:00,Patagonia Black Hole Pack 25L,3799.0,https://www.queens.cz/cs/batohy/465646-patagonia-black-hole-pack-25l-black.html,LIFESTYLE_CORE
Patagonia,Black Hole Pack 32L,4290.0,https://www.freshlabels.cz/en/products/patagonia-black-hole-pack-32l-pg2734/,,,,12.92,94.73684210526316,HIGH,queens,2026-04-08T01:19:53.157838+00:00,Patagonia Black Hole Pack 25L,3799.0,https://www.queens.cz/cs/batohy/465646-patagonia-black-hole-pack-25l-black.html,LIFESTYLE_CORE
Patagonia,Terravia Mini Hip Pack,990.0,https://www.freshlabels.cz/en/products/patagonia-terravia-mini-hip-pack-pg2712/,,,,10.12,100.0,HIGH,queens,2026-04-08T01:19:53.157838+00:00,Patagonia Terravia Mini Hip Pack,899.0,https://www.queens.cz/cs/ledvinky/423439-patagonia-terravia-mini-hip-pack-black.html,LIFESTYLE_CORE
Patagonia,Terravia Mini Hip Pack,990.0,https://www.freshlabels.cz/en/products/patagonia-terravia-mini-hip-pack-pg2718/,,,,10.12,100.0,HIGH,queens,2026-04-08T01:19:53.157838+00:00,Patagonia Terravia Mini Hip Pack,899.0,https://www.queens.cz/cs/ledvinky/423439-patagonia-terravia-mini-hip-pack-black.html,LIFESTYLE_CORE
Patagonia,Black Hole Waist Pack 5L,1890.0,https://www.freshlabels.cz/en/products/patagonia-black-hole-waist-pack-5l-pg2757/,,,,-3.52,100.0,HIGH,queens,2026-04-08T01:19:53.157838+00:00,Patagonia Black Hole® Waist Pack 5L,1959.0,https://www.queens.cz/cs/ledvinky/474571-patagonia-black-hole-waist-pack-5l-black.html,LIFESTYLE_CORE
Patagonia,Terravia Hip Pack,1390.0,https://www.freshlabels.cz/en/products/patagonia-terravia-hip-pack-pg2582/,,,,-0.64,100.0,HIGH,queens,2026-04-08T01:19:53.157838+00:00,Patagonia Terravia Hip Pack,1399.0,https://www.queens.cz/cs/ledvinky/429544-pata.html,LIFESTYLE_CORE
Patagonia,Atom Tote Pack 20L,2190.0,https://www.freshlabels.cz/en/products/patagonia-atom-tote-pack-20l-pg2960/,,,,-0.41,100.0,HIGH,queens,2026-04-08T01:19:53.157838+00:00,Patagonia Atom Tote Pack 20L,2199.0,https://www.queens.cz/cs/batohy/508306-patagonia-atom-tote-pack-20l-.html,LIFESTYLE_CORE
Patagonia,Terravia Mini Hip Pack,990.0,https://www.freshlabels.cz/en/products/patagonia-terravia-mini-hip-pack-pg2883/,,,,10.12,100.0,HIGH,queens,2026-04-08T01:19:53.157838+00:00,Patagonia Terravia Mini Hip Pack,899.0,https://www.queens.cz/cs/ledvinky/423439-patagonia-terravia-mini-hip-pack-black.html,LIFESTYLE_CORE
Patagonia,Terravia Mini Hip Pack,990.0,https://www.freshlabels.cz/en/products/patagonia-terravia-mini-hip-pack-pg2882/,,,,10.12,100.0,HIGH,queens,2026-04-08T01:19:53.157838+00:00,Patagonia Terravia Mini Hip Pack,899.0,https://www.queens.cz/cs/ledvinky/423439-patagonia-terravia-mini-hip-pack-black.html,LIFESTYLE_CORE
Patagonia,Terravia Mini Hip Pack,990.0,https://www.freshlabels.cz/en/products/patagonia-terravia-mini-hip-pack-pg2881/,,,,10.12,100.0,HIGH,queens,2026-04-08T01:19:53.157838+00:00,Patagonia Terravia Mini Hip Pack,899.0,https://www.queens.cz/cs/ledvinky/423439-patagonia-terravia-mini-hip-pack-black.html,LIFESTYLE_CORE
Patagonia,Terravia Hip Pack,1390.0,https://www.freshlabels.cz/en/products/patagonia-terravia-hip-pack-pg2875/,,,,-0.64,100.0,HIGH,queens,2026-04-08T01:19:53.157838+00:00,Patagonia Terravia Hip Pack,1399.0,https://www.queens.cz/cs/ledvinky/429544-pata.html,LIFESTYLE_CORE
Patagonia,Terravia Hip Pack,1390.0,https://www.freshlabels.cz/en/products/patagonia-terravia-hip-pack-pg2876/,,,,-0.64,100.0,HIGH,queens,2026-04-08T01:19:53.157838+00:00,Patagonia Terravia Hip Pack,1399.0,https://www.queens.cz/cs/ledvinky/429544-pata.html,LIFESTYLE_CORE
Patagonia,Black Hole Waist Pack 5L,1890.0,https://www.freshlabels.cz/en/products/patagonia-black-hole-waist-pack-5l-pg2877/,,,,-3.52,100.0,HIGH,queens,2026-04-08T01:19:53.157838+00:00,Patagonia Black Hole® Waist Pack 5L,1959.0,https://www.queens.cz/cs/ledvinky/474571-patagonia-black-hole-waist-pack-5l-black.html,LIFESTYLE_CORE
Patagonia,Black Hole Waist Pack 5L,1890.0,https://www.freshlabels.cz/en/products/patagonia-black-hole-waist-pack-5l-pg2878/,,,,-3.52,100.0,HIGH,queens,2026-04-08T01:19:53.157838+00:00,Patagonia Black Hole® Waist Pack 5L,1959.0,https://www.queens.cz/cs/ledvinky/474571-patagonia-black-hole-waist-pack-5l-black.html,LIFESTYLE_CORE
Patagonia,Terravia Mini Hip Pack,990.0,https://www.freshlabels.cz/en/products/patagonia-terravia-mini-hip-pack-pg2879/,,,,10.12,100.0,HIGH,queens,2026-04-08T01:19:53.157838+00:00,Patagonia Terravia Mini Hip Pack,899.0,https://www.queens.cz/cs/ledvinky/423439-patagonia-terravia-mini-hip-pack-black.html,LIFESTYLE_CORE
Patagonia,Terravia Mini Hip Pack,990.0,https://www.freshlabels.cz/en/products/patagonia-terravia-mini-hip-pack-pg2880/,,,,10.12,100.0,HIGH,queens,2026-04-08T01:19:53.157838+00:00,Patagonia Terravia Mini Hip Pack,899.0,https://www.queens.cz/cs/ledvinky/423439-patagonia-terravia-mini-hip-pack-black.html,LIFESTYLE_CORE
Patagonia,Refugio Day Pack 32L,3590.0,https://www.freshlabels.cz/en/products/patagonia-refugio-day-pack-32l-pg2957/,,,,45.99,95.0,HIGH,queens,2026-04-08T01:19:53.157838+00:00,Patagonia Refugio Day Pack 26L,2459.0,https://www.queens.cz/cs/panske-tasky-pres-rameno/508300-patagonia-refugio-day-pack-26l-black.html,LIFESTYLE_CORE
Patagonia,Refugio Day Pack 32L,3590.0,https://www.freshlabels.cz/en/products/patagonia-refugio-day-pack-32l-pg2958/,,,,45.99,95.0,HIGH,queens,2026-04-08T01:19:53.157838+00:00,Patagonia Refugio Day Pack 26L,2459.0,https://www.queens.cz/cs/panske-tasky-pres-rameno/508300-patagonia-refugio-day-pack-26l-black.html,LIFESTYLE_CORE
Patagonia,Black Hole Pack 32L,4290.0,https://www.freshlabels.cz/en/products/patagonia-black-hole-pack-32l-pg2990/,,,,12.92,94.73684210526316,HIGH,queens,2026-04-08T01:19:53.157838+00:00,Patagonia Black Hole Pack 25L,3799.0,https://www.queens.cz/cs/batohy/465646-patagonia-black-hole-pack-25l-black.html,LIFESTYLE_CORE
Patagonia,Black Hole Pack 25L,3890.0,https://www.freshlabels.cz/en/products/patagonia-black-hole-pack-25l-pg2988/,,,,2.4,100.0,HIGH,queens,2026-04-08T01:19:53.157838+00:00,Patagonia Black Hole Pack 25L,3799.0,https://www.queens.cz/cs/batohy/465646-patagonia-black-hole-pack-25l-black.html,LIFESTYLE_CORE
Patagonia,Black Hole Pack 25L,3890.0,https://www.freshlabels.cz/en/products/patagonia-black-hole-pack-25l-pg2989/,,,,2.4,100.0,HIGH,queens,2026-04-08T01:19:53.157838+00:00,Patagonia Black Hole Pack 25L,3799.0,https://www.queens.cz/cs/batohy/465646-patagonia-black-hole-pack-25l-black.html,LIFESTYLE_CORE
Patagonia,Black Hole Pack 32L,4290.0,https://www.freshlabels.cz/en/products/patagonia-black-hole-pack-32l-pg2991/,,,,12.92,94.73684210526316,HIGH,queens,2026-04-08T01:19:53.157838+00:00,Patagonia Black Hole Pack 25L,3799.0,https://www.queens.cz/cs/batohy/465646-patagonia-black-hole-pack-25l-black.html,LIFESTYLE_CORE
Patagonia,Refugio Day Pack 26L,2590.0,https://www.freshlabels.cz/en/products/patagonia-refugio-day-pack-26l-pg3011/,,,,5.33,100.0,HIGH,queens,2026-04-08T01:19:53.157838+00:00,Patagonia Refugio Day Pack 26L,2459.0,https://www.queens.cz/cs/panske-tasky-pres-rameno/508300-patagonia-refugio-day-pack-26l-black.html,LIFESTYLE_CORE
Patagonia,M's Classic Retro-X Jacket,6190.0,https://www.freshlabels.cz/en/products/patagonia-ms-classic-retro-x-jacket-pg2850/,,,,3.18,100.0,HIGH,queens,2026-04-08T01:19:53.157838+00:00,Patagonia M's Classic Retro-X Jacket,5999.0,https://www.queens.cz/cs/bundy/465622-patagonia-m-s-classic-retro-x-jacket-clement-blue.html,LIFESTYLE_CORE
Patagonia,M's Jackson Glacier Jacket,11990.0,https://www.freshlabels.cz/en/products/patagonia-ms-jackson-glacier-jacket-pg2825/,,,,-2.51,92.3076923076923,HIGH,queens,2026-04-08T01:19:53.157838+00:00,Patagonia W's Jackson Glacier Jacket,12299.0,https://www.queens.cz/cs/bundy/492418-patagonia-w-s-jackson-glacier-jacket-black.html,LIFESTYLE_CORE
Patagonia,M's Jackson Glacier Jacket,11990.0,https://www.freshlabels.cz/en/products/patagonia-ms-jackson-glacier-jacket-pg2824/,,,,-2.51,92.3076923076923,HIGH,queens,2026-04-08T01:19:53.157838+00:00,Patagonia W's Jackson Glacier Jacket,12299.0,https://www.queens.cz/cs/bundy/492418-patagonia-w-s-jackson-glacier-jacket-black.html,LIFESTYLE_CORE
Patagonia,M's Classic Retro-X Jacket,6190.0,https://www.freshlabels.cz/en/products/patagonia-ms-classic-retro-x-jacket-pg2816/,,,,3.18,100.0,HIGH,queens,2026-04-08T01:19:53.157838+00:00,Patagonia M's Classic Retro-X Jacket,5999.0,https://www.queens.cz/cs/bundy/465622-patagonia-m-s-classic-retro-x-jacket-clement-blue.html,LIFESTYLE_CORE
Patagonia,M's P-6 Logo Responsibili-Tee,1190.0,https://www.freshlabels.cz/en/products/patagonia-ms-p-6-logo-responsibili-tee-pg2844/,,,,2.67,93.10344827586206,HIGH,queens,2026-04-08T01:19:53.157838+00:00,Patagonia W's P-6 Logo Responsibili-Tee,1159.0,https://www.queens.cz/cs/tricka/465634-patagonia-w-s-p-6-logo-responsibili-tee-black.html,LIFESTYLE_CORE
Patagonia,M's Berm Logo Responsibili-Tee,1190.0,https://www.freshlabels.cz/en/products/patagonia-ms-berm-logo-responsibili-tee-pg2833/,,,,2.67,84.7457627118644,MEDIUM,queens,2026-04-08T01:19:53.157838+00:00,Patagonia W's P-6 Logo Responsibili-Tee,1159.0,https://www.queens.cz/cs/tricka/465634-patagonia-w-s-p-6-logo-responsibili-tee-black.html,LIFESTYLE_CORE
Patagonia,M's Classic Retro-X Jacket,6190.0,https://www.freshlabels.cz/en/products/patagonia-ms-classic-retro-x-jacket-pg2815/,,,,3.18,100.0,HIGH,queens,2026-04-08T01:19:53.157838+00:00,Patagonia M's Classic Retro-X Jacket,5999.0,https://www.queens.cz/cs/bundy/465622-patagonia-m-s-classic-retro-x-jacket-clement-blue.html,LIFESTYLE_CORE
Patagonia,M's Downdrift Jacket,9290.0,https://www.freshlabels.cz/en/products/patagonia-ms-downdrift-jacket-pg2021/,,,,4.39,100.0,HIGH,queens,2026-04-08T01:19:53.157838+00:00,Patagonia M's Downdrift Jacket,8899.0,https://www.queens.cz/cs/bundy/465619-patagonia-m-s-downdrift-jacket-.html,LIFESTYLE_CORE
Patagonia,M's Downdrift Jacket,9290.0,https://www.freshlabels.cz/en/products/patagonia-ms-downdrift-jacket-pg2805/,,,,4.39,100.0,HIGH,queens,2026-04-08T01:19:53.157838+00:00,Patagonia M's Downdrift Jacket,8899.0,https://www.queens.cz/cs/bundy/465619-patagonia-m-s-downdrift-jacket-.html,LIFESTYLE_CORE
Patagonia,M's Jackson Glacier Jacket,11990.0,https://www.freshlabels.cz/en/products/patagonia-ms-jackson-glacier-jacket-pg2358/,,,,-2.51,92.3076923076923,HIGH,queens,2026-04-08T01:19:53.157838+00:00,Patagonia W's Jackson Glacier Jacket,12299.0,https://www.queens.cz/cs/bundy/492418-patagonia-w-s-jackson-glacier-jacket-black.html,LIFESTYLE_CORE
Patagonia,M's P-6 Logo Responsibili-Tee,1190.0,https://www.freshlabels.cz/en/products/patagonia-ms-p-6-logo-responsibili-tee-pg2845/,,,,2.67,93.10344827586206,HIGH,queens,2026-04-08T01:19:53.157838+00:00,Patagonia W's P-6 Logo Responsibili-Tee,1159.0,https://www.queens.cz/cs/tricka/465634-patagonia-w-s-p-6-logo-responsibili-tee-black.html,LIFESTYLE_CORE
Patagonia,M's Berm Logo Responsibili-Tee,1190.0,https://www.freshlabels.cz/en/products/patagonia-ms-berm-logo-responsibili-tee-pg2834/,,,,2.67,84.7457627118644,MEDIUM,queens,2026-04-08T01:19:53.157838+00:00,Patagonia W's P-6 Logo Responsibili-Tee,1159.0,https://www.queens.cz/cs/tricka/465634-patagonia-w-s-p-6-logo-responsibili-tee-black.html,LIFESTYLE_CORE
Patagonia,M's P-6 Logo Responsibili-Tee®,1190.0,https://www.freshlabels.cz/en/products/patagonia-ms-p-6-logo-responsibili-tee-pg2551/,,,,2.67,93.10344827586206,HIGH,queens,2026-04-08T01:19:53.157838+00:00,Patagonia W's P-6 Logo Responsibili-Tee,1159.0,https://www.queens.cz/cs/tricka/465634-patagonia-w-s-p-6-logo-responsibili-tee-black.html,LIFESTYLE_CORE
Patagonia,M's P-6 Logo Responsibili-Tee,1190.0,https://www.freshlabels.cz/en/products/patagonia-ms-p-6-logo-responsibili-tee-pg2843/,,,,2.67,93.10344827586206,HIGH,queens,2026-04-08T01:19:53.157838+00:00,Patagonia W's P-6 Logo Responsibili-Tee,1159.0,https://www.queens.cz/cs/tricka/465634-patagonia-w-s-p-6-logo-responsibili-tee-black.html,LIFESTYLE_CORE
Patagonia,M's P-6 Logo Responsibili-Tee®,1190.0,https://www.freshlabels.cz/en/products/patagonia-ms-p-6-logo-responsibili-tee-pg678/,,,,2.67,93.10344827586206,HIGH,queens,2026-04-08T01:19:53.157838+00:00,Patagonia W's P-6 Logo Responsibili-Tee,1159.0,https://www.queens.cz/cs/tricka/465634-patagonia-w-s-p-6-logo-responsibili-tee-black.html,LIFESTYLE_CORE
Patagonia,M's P-6 Logo Responsibili-Tee®,1190.0,https://www.freshlabels.cz/en/products/patagonia-ms-p-6-logo-responsibili-tee-pg676/,,,,2.67,93.10344827586206,HIGH,queens,2026-04-08T01:19:53.157838+00:00,Patagonia W's P-6 Logo Responsibili-Tee,1159.0,https://www.queens.cz/cs/tricka/465634-patagonia-w-s-p-6-logo-responsibili-tee-black.html,LIFESTYLE_CORE
Patagonia,M's Houdini Jacket,2790.0,https://www.freshlabels.cz/en/products/patagonia-ms-houdini-jacket-pg3060/,,,,3.37,100.0,HIGH,queens,2026-04-08T01:19:53.157838+00:00,Patagonia M's Houdini Jacket,2699.0,https://www.queens.cz/cs/bundy/492427-patagonia-m-s-houdini-jacket-pond-green.html,LIFESTYLE_CORE
Patagonia,M's Houdini Jacket,2790.0,https://www.freshlabels.cz/en/products/patagonia-ms-houdini-jacket-pg3059/,,,,3.37,100.0,HIGH,queens,2026-04-08T01:19:53.157838+00:00,Patagonia M's Houdini Jacket,2699.0,https://www.queens.cz/cs/bundy/492427-patagonia-m-s-houdini-jacket-pond-green.html,LIFESTYLE_CORE
Patagonia,M's P-6 Label Uprisal Hoody,2590.0,https://www.freshlabels.cz/en/products/patagonia-ms-p-6-label-uprisal-hoody-pg3047/,,,,5.33,100.0,HIGH,queens,2026-04-08T01:19:53.157838+00:00,Patagonia M's P-6 Label Uprisal Hoody,2459.0,https://www.queens.cz/cs/mikiny/508294-patagonia-m-s-p-6-label-uprisal-hoody-.html,LIFESTYLE_CORE
Patagonia,M's P-6 Logo Responsibili-Tee®,1190.0,https://www.freshlabels.cz/en/products/patagonia-ms-p-6-logo-responsibili-tee-pg2902/,,,,2.67,93.10344827586206,HIGH,queens,2026-04-08T01:19:53.157838+00:00,Patagonia W's P-6 Logo Responsibili-Tee,1159.0,https://www.queens.cz/cs/tricka/465634-patagonia-w-s-p-6-logo-responsibili-tee-black.html,LIFESTYLE_CORE
Patagonia,M's P-6 Logo Uprisal Hoody,2590.0,https://www.freshlabels.cz/en/products/patagonia-ms-p-6-logo-uprisal-hoody-pg1226/,,,,5.33,86.79245283018868,MEDIUM,queens,2026-04-08T01:19:53.157838+00:00,Patagonia M's P-6 Label Uprisal Hoody,2459.0,https://www.queens.cz/cs/mikiny/508294-patagonia-m-s-p-6-label-uprisal-hoody-.html,LIFESTYLE_CORE
Patagonia,M's P-6 Logo Responsibili-Tee®,1190.0,https://www.freshlabels.cz/en/products/patagonia-ms-p-6-logo-responsibili-tee-pg672/,,,,2.67,93.10344827586206,HIGH,queens,2026-04-08T01:19:53.157838+00:00,Patagonia W's P-6 Logo Responsibili-Tee,1159.0,https://www.queens.cz/cs/tricka/465634-patagonia-w-s-p-6-logo-responsibili-tee-black.html,LIFESTYLE_CORE
Patagonia,M's P-6 Label Uprisal Hoody,2590.0,https://www.freshlabels.cz/en/products/patagonia-ms-p-6-label-uprisal-hoody-pg3046/,,,,5.33,100.0,HIGH,queens,2026-04-08T01:19:53.157838+00:00,Patagonia M's P-6 Label Uprisal Hoody,2459.0,https://www.queens.cz/cs/mikiny/508294-patagonia-m-s-p-6-label-uprisal-hoody-.html,LIFESTYLE_CORE
Patagonia,W's Houdini Jacket,2790.0,https://www.freshlabels.cz/en/products/patagonia-ws-houdini-jacket-pg2421/,,,,3.37,100.0,HIGH,queens,2026-04-08T01:19:53.157838+00:00,Patagonia W's Houdini Jacket,2699.0,https://www.queens.cz/cs/bundy/508297-patagonia-w-s-houdini-jacket-black.html,LIFESTYLE_CORE
Patagonia,W's Classic Retro-X Jacket,6090.0,https://www.freshlabels.cz/en/products/patagonia-ws-classic-retro-x-jacket-pg2226/,,,,1.52,92.3076923076923,HIGH,queens,2026-04-08T01:19:53.157838+00:00,Patagonia M's Classic Retro-X Jacket,5999.0,https://www.queens.cz/cs/bundy/465622-patagonia-m-s-classic-retro-x-jacket-clement-blue.html,LIFESTYLE_CORE
Patagonia,W's P-6 Logo Responsibili-Tee,1190.0,https://www.freshlabels.cz/en/products/patagonia-ws-p-6-logo-responsibili-tee-pg2392/,,,,2.67,100.0,HIGH,queens,2026-04-08T01:19:53.157838+00:00,Patagonia W's P-6 Logo Responsibili-Tee,1159.0,https://www.queens.cz/cs/tricka/465634-patagonia-w-s-p-6-logo-responsibili-tee-black.html,LIFESTYLE_CORE
Patagonia,W's Classic Retro-X Jacket,6190.0,https://www.freshlabels.cz/en/products/patagonia-ws-classic-retro-x-jacket-pg2818/,,,,3.18,92.3076923076923,HIGH,queens,2026-04-08T01:19:53.157838+00:00,Patagonia M's Classic Retro-X Jacket,5999.0,https://www.queens.cz/cs/bundy/465622-patagonia-m-s-classic-retro-x-jacket-clement-blue.html,LIFESTYLE_CORE
Patagonia,W's Classic Retro-X Jacket,6190.0,https://www.freshlabels.cz/en/products/patagonia-ws-classic-retro-x-jacket-pg2817/,,,,3.18,92.3076923076923,HIGH,queens,2026-04-08T01:19:53.157838+00:00,Patagonia M's Classic Retro-X Jacket,5999.0,https://www.queens.cz/cs/bundy/465622-patagonia-m-s-classic-retro-x-jacket-clement-blue.html,LIFESTYLE_CORE
Patagonia,W's Silent Down Long Parka,11990.0,https://www.freshlabels.cz/en/products/patagonia-ws-silent-down-long-parka-pg2029/,,,,9.01,100.0,HIGH,queens,2026-04-08T01:19:53.157838+00:00,Patagonia W's Silent Down Long Parka,10999.0,https://www.queens.cz/cs/parky/492430-patagonia-w-s-silent-down-long-parka-black.html,LIFESTYLE_CORE
Carhartt WIP,Canvas Graphic Tote,1990.0,https://www.freshlabels.cz/en/products/carhartt-wip-canvas-graphic-tote-c3350/,,,,59.2,86.36363636363636,MEDIUM,queens,2026-04-08T01:18:26.117394+00:00,Carhartt WIP Canvas Graphic Tote Large,1250.0,https://www.queens.cz/cs/tasky-pres-rameno/401320-carhartt-wip-canvas-graphic-tote-large-harttbreaker-print-wax.html,ENTRY
Carhartt WIP,S/S Script Embroidery T-Shirt,950.0,https://www.freshlabels.cz/en/products/carhartt-wip-ss-script-embroidery-t-shirt-c2957/,,,,-59.73,100.0,HIGH,queens,2026-04-08T01:18:26.117394+00:00,Carhartt WIP S/S Royce Shirt,2359.0,https://www.queens.cz/cs/panske-kosile/503932-carhartt-wip-s-s-royce-shirt-royce-stripe-icaria-white.html,ENTRY
Carhartt WIP,S/S Pocket T-Shirt,859.0,https://www.freshlabels.cz/en/products/carhartt-wip-ss-pocket-t-shirt-c3173/,,,,-63.59,100.0,HIGH,queens,2026-04-08T01:18:26.117394+00:00,Carhartt WIP S/S Royce Shirt,2359.0,https://www.queens.cz/cs/panske-kosile/503932-carhartt-wip-s-s-royce-shirt-royce-stripe-icaria-white.html,ENTRY
Carhartt WIP,S/S Base T-Shirt,790.0,https://www.freshlabels.cz/en/products/carhartt-wip-ss-base-t-shirt-c2043/,,,,-66.51,100.0,HIGH,queens,2026-04-08T01:18:26.117394+00:00,Carhartt WIP S/S Royce Shirt,2359.0,https://www.queens.cz/cs/panske-kosile/503932-carhartt-wip-s-s-royce-shirt-royce-stripe-icaria-white.html,ENTRY
Carhartt WIP,W' S/S Be There T-Shirt,1150.0,https://www.freshlabels.cz/en/products/carhartt-wip-w-ss-be-there-t-shirt-c4105/,,,,-20.69,100.0,HIGH,queens,2026-04-08T01:18:26.117394+00:00,Carhartt WIP W' S/S Spoiled T-Shirt,1450.0,https://www.queens.cz/cs/damska-tricka/489337-carhartt-wip-w-s-s-spoiled-t-shirt-black.html,ENTRY
Carhartt WIP,S/S Greatest Flicks,1150.0,https://www.freshlabels.cz/en/products/carhartt-wip-ss-greatest-flicks-c4130/,,,,-51.25,100.0,HIGH,queens,2026-04-08T01:18:26.117394+00:00,Carhartt WIP S/S Royce Shirt,2359.0,https://www.queens.cz/cs/panske-kosile/503932-carhartt-wip-s-s-royce-shirt-royce-stripe-icaria-white.html,ENTRY
Carhartt WIP,W' S/S Heart Patch T-Shirt,1190.0,https://www.freshlabels.cz/en/products/carhartt-wip-w-ss-heart-patch-t-shirt-c4549/,,,,-17.93,100.0,HIGH,queens,2026-04-08T01:18:26.117394+00:00,Carhartt WIP W' S/S Spoiled T-Shirt,1450.0,https://www.queens.cz/cs/damska-tricka/489337-carhartt-wip-w-s-s-spoiled-t-shirt-black.html,ENTRY
Carhartt WIP,W' S/S Hearts Of Hartts T-S,1190.0,https://www.freshlabels.cz/en/products/carhartt-wip-w-ss-hearts-of-hartts-t-s-c4554/,,,,-17.93,100.0,HIGH,queens,2026-04-08T01:18:26.117394+00:00,Carhartt WIP W' S/S Spoiled T-Shirt,1450.0,https://www.queens.cz/cs/damska-tricka/489337-carhartt-wip-w-s-s-spoiled-t-shirt-black.html,ENTRY
Carhartt WIP,S/S Experiential T-Shirt,1190.0,https://www.freshlabels.cz/en/products/carhartt-wip-ss-experiential-t-shirt-c4583/,,,,-49.55,100.0,HIGH,queens,2026-04-08T01:18:26.117394+00:00,Carhartt WIP S/S Royce Shirt,2359.0,https://www.queens.cz/cs/panske-kosile/503932-carhartt-wip-s-s-royce-shirt-royce-stripe-icaria-white.html,ENTRY
Carhartt WIP,S/S Helix Redux T-Shirt,1290.0,https://www.freshlabels.cz/en/products/carhartt-wip-ss-helix-redux-t-shirt-c4596/,,,,-45.32,100.0,HIGH,queens,2026-04-08T01:18:26.117394+00:00,Carhartt WIP S/S Royce Shirt,2359.0,https://www.queens.cz/cs/panske-kosile/503932-carhartt-wip-s-s-royce-shirt-royce-stripe-icaria-white.html,ENTRY
Carhartt WIP,W' S/S Luca T-Shirt,1150.0,https://www.freshlabels.cz/en/products/carhartt-wip-w-ss-luca-t-shirt-c4187/,,,,-20.69,100.0,HIGH,queens,2026-04-08T01:18:26.117394+00:00,Carhartt WIP W' S/S Spoiled T-Shirt,1450.0,https://www.queens.cz/cs/damska-tricka/489337-carhartt-wip-w-s-s-spoiled-t-shirt-black.html,ENTRY
Carhartt WIP,W' S/S Ingo T-Shirt,1250.0,https://www.freshlabels.cz/en/products/carhartt-wip-w-ss-ingo-t-shirt-c4215/,,,,-13.79,100.0,HIGH,queens,2026-04-08T01:18:26.117394+00:00,Carhartt WIP W' S/S Spoiled T-Shirt,1450.0,https://www.queens.cz/cs/damska-tricka/489337-carhartt-wip-w-s-s-spoiled-t-shirt-black.html,ENTRY
Carhartt WIP,S/S Logo T-Shirt,1490.0,https://www.freshlabels.cz/en/products/carhartt-wip-ss-logo-t-shirt-c4157/,,,,-36.84,100.0,HIGH,queens,2026-04-08T01:18:26.117394+00:00,Carhartt WIP S/S Royce Shirt,2359.0,https://www.queens.cz/cs/panske-kosile/503932-carhartt-wip-s-s-royce-shirt-royce-stripe-icaria-white.html,ENTRY
Carhartt WIP,S/S Solar Chrome C-Logo T-Shirt,1290.0,https://www.freshlabels.cz/en/products/carhartt-wip-ss-solar-chrome-c-logo-t-shirt-c4404/,,,,-45.32,100.0,HIGH,queens,2026-04-08T01:18:26.117394+00:00,Carhartt WIP S/S Royce Shirt,2359.0,https://www.queens.cz/cs/panske-kosile/503932-carhartt-wip-s-s-royce-shirt-royce-stripe-icaria-white.html,ENTRY
Carhartt WIP,S/S Heart II Hartt T-Shirt,1450.0,https://www.freshlabels.cz/en/products/carhartt-wip-ss-heart-ii-hartt-t-shirt-c4407/,,,,-38.53,100.0,HIGH,queens,2026-04-08T01:18:26.117394+00:00,Carhartt WIP S/S Royce Shirt,2359.0,https://www.queens.cz/cs/panske-kosile/503932-carhartt-wip-s-s-royce-shirt-royce-stripe-icaria-white.html,ENTRY
Carhartt WIP,W' S/S Verner T-Shirt,990.0,https://www.freshlabels.cz/en/products/carhartt-wip-w-ss-verner-t-shirt-c4824/,,,,-31.72,100.0,HIGH,queens,2026-04-08T01:18:26.117394+00:00,Carhartt WIP W' S/S Spoiled T-Shirt,1450.0,https://www.queens.cz/cs/damska-tricka/489337-carhartt-wip-w-s-s-spoiled-t-shirt-black.html,ENTRY
Carhartt WIP,S/S Pocket Heart T-Shirt,1190.0,https://www.freshlabels.cz/en/products/carhartt-wip-ss-pocket-heart-t-shirt-c4269/,,,,-49.55,100.0,HIGH,queens,2026-04-08T01:18:26.117394+00:00,Carhartt WIP S/S Royce Shirt,2359.0,https://www.queens.cz/cs/panske-kosile/503932-carhartt-wip-s-s-royce-shirt-royce-stripe-icaria-white.html,ENTRY
Carhartt WIP,W' S/S Hanson Pocket T-Shirt,1450.0,https://www.freshlabels.cz/en/products/carhartt-wip-w-ss-hanson-pocket-t-shirt-c4879/,,,,0.0,100.0,HIGH,queens,2026-04-08T01:18:26.117394+00:00,Carhartt WIP W' S/S Spoiled T-Shirt,1450.0,https://www.queens.cz/cs/damska-tricka/489337-carhartt-wip-w-s-s-spoiled-t-shirt-black.html,ENTRY
Carhartt WIP,S/S Commuting Tales T-Shirt,1290.0,https://www.freshlabels.cz/en/products/carhartt-wip-ss-commuting-tales-t-shirt-c4795/,,,,-45.32,100.0,HIGH,queens,2026-04-08T01:18:26.117394+00:00,Carhartt WIP S/S Royce Shirt,2359.0,https://www.queens.cz/cs/panske-kosile/503932-carhartt-wip-s-s-royce-shirt-royce-stripe-icaria-white.html,ENTRY
Carhartt WIP,W' S/S Clover T-Shirt,990.0,https://www.freshlabels.cz/en/products/carhartt-wip-w-ss-clover-t-shirt-c4841/,,,,-31.72,100.0,HIGH,queens,2026-04-08T01:18:26.117394+00:00,Carhartt WIP W' S/S Spoiled T-Shirt,1450.0,https://www.queens.cz/cs/damska-tricka/489337-carhartt-wip-w-s-s-spoiled-t-shirt-black.html,ENTRY
Carhartt WIP,S/S Vrooom T-Shirt,1450.0,https://www.freshlabels.cz/en/products/carhartt-wip-ss-vrooom-t-shirt-c4850/,,,,-38.53,100.0,HIGH,queens,2026-04-08T01:18:26.117394+00:00,Carhartt WIP S/S Royce Shirt,2359.0,https://www.queens.cz/cs/panske-kosile/503932-carhartt-wip-s-s-royce-shirt-royce-stripe-icaria-white.html,ENTRY
Carhartt WIP,S/S Duck Duck T-Shirt,1190.0,https://www.freshlabels.cz/en/products/carhartt-wip-ss-duck-duck-t-shirt-c4854/,,,,-49.55,100.0,HIGH,queens,2026-04-08T01:18:26.117394+00:00,Carhartt WIP S/S Royce Shirt,2359.0,https://www.queens.cz/cs/panske-kosile/503932-carhartt-wip-s-s-royce-shirt-royce-stripe-icaria-white.html,ENTRY
Carhartt WIP,S/S Pocket T-Shirt,950.0,https://www.freshlabels.cz/en/products/carhartt-wip-ss-pocket-t-shirt-c4542/,,,,-59.73,100.0,HIGH,queens,2026-04-08T01:18:26.117394+00:00,Carhartt WIP S/S Royce Shirt,2359.0,https://www.queens.cz/cs/panske-kosile/503932-carhartt-wip-s-s-royce-shirt-royce-stripe-icaria-white.html,ENTRY
Carhartt WIP,W' S/S Wiptopia T-Shirt,1190.0,https://www.freshlabels.cz/en/products/carhartt-wip-w-ss-wiptopia-t-shirt-c4503/,,,,-17.93,100.0,HIGH,queens,2026-04-08T01:18:26.117394+00:00,Carhartt WIP W' S/S Spoiled T-Shirt,1450.0,https://www.queens.cz/cs/damska-tricka/489337-carhartt-wip-w-s-s-spoiled-t-shirt-black.html,ENTRY
Carhartt WIP,S/S Wiptopia Script T-Shirt,1190.0,https://www.freshlabels.cz/en/products/carhartt-wip-ss-wiptopia-script-t-shirt-c4504/,,,,-49.55,100.0,HIGH,queens,2026-04-08T01:18:26.117394+00:00,Carhartt WIP S/S Royce Shirt,2359.0,https://www.queens.cz/cs/panske-kosile/503932-carhartt-wip-s-s-royce-shirt-royce-stripe-icaria-white.html,ENTRY
Carhartt WIP,S/S Wiptopia Script T-Shirt,1190.0,https://www.freshlabels.cz/en/products/carhartt-wip-ss-wiptopia-script-t-shirt-c4506/,,,,-49.55,100.0,HIGH,queens,2026-04-08T01:18:26.117394+00:00,Carhartt WIP S/S Royce Shirt,2359.0,https://www.queens.cz/cs/panske-kosile/503932-carhartt-wip-s-s-royce-shirt-royce-stripe-icaria-white.html,ENTRY
Carhartt WIP,S/S C Logo Archive T-Shirt,1290.0,https://www.freshlabels.cz/en/products/carhartt-wip-ss-c-logo-archive-t-shirt-c4581/,,,,-45.32,100.0,HIGH,queens,2026-04-08T01:18:26.117394+00:00,Carhartt WIP S/S Royce Shirt,2359.0,https://www.queens.cz/cs/panske-kosile/503932-carhartt-wip-s-s-royce-shirt-royce-stripe-icaria-white.html,ENTRY
Carhartt WIP,W' S/S Heart Patch T-Shirt,1190.0,https://www.freshlabels.cz/en/products/carhartt-wip-w-ss-heart-patch-t-shirt-c4546/,,,,-17.93,100.0,HIGH,queens,2026-04-08T01:18:26.117394+00:00,Carhartt WIP W' S/S Spoiled T-Shirt,1450.0,https://www.queens.cz/cs/damska-tricka/489337-carhartt-wip-w-s-s-spoiled-t-shirt-black.html,ENTRY
Carhartt WIP,S/S Experiential T-Shirt,1190.0,https://www.freshlabels.cz/en/products/carhartt-wip-ss-experiential-t-shirt-c4584/,,,,-49.55,100.0,HIGH,queens,2026-04-08T01:18:26.117394+00:00,Carhartt WIP S/S Royce Shirt,2359.0,https://www.queens.cz/cs/panske-kosile/503932-carhartt-wip-s-s-royce-shirt-royce-stripe-icaria-white.html,ENTRY
Carhartt WIP,S/S Workers T-Shirt,1190.0,https://www.freshlabels.cz/en/products/carhartt-wip-ss-workers-t-shirt-c4598/,,,,-49.55,100.0,HIGH,queens,2026-04-08T01:18:26.117394+00:00,Carhartt WIP S/S Royce Shirt,2359.0,https://www.queens.cz/cs/panske-kosile/503932-carhartt-wip-s-s-royce-shirt-royce-stripe-icaria-white.html,ENTRY
Carhartt WIP,S/S Helix T-Shirt,1290.0,https://www.freshlabels.cz/en/products/carhartt-wip-ss-helix-t-shirt-c4438/,,,,-45.32,100.0,HIGH,queens,2026-04-08T01:18:26.117394+00:00,Carhartt WIP S/S Royce Shirt,2359.0,https://www.queens.cz/cs/panske-kosile/503932-carhartt-wip-s-s-royce-shirt-royce-stripe-icaria-white.html,ENTRY
Carhartt WIP,S/S Aiken Pocket T-Shirt,1250.0,https://www.freshlabels.cz/en/products/carhartt-wip-ss-aiken-pocket-t-shirt-c4212/,,,,-47.01,100.0,HIGH,queens,2026-04-08T01:18:26.117394+00:00,Carhartt WIP S/S Royce Shirt,2359.0,https://www.queens.cz/cs/panske-kosile/503932-carhartt-wip-s-s-royce-shirt-royce-stripe-icaria-white.html,ENTRY
Carhartt WIP,W' Brandon Short,2490.0,https://www.freshlabels.cz/en/products/carhartt-wip-w-brandon-short-c4353/,,,,-14.11,100.0,HIGH,queens,2026-04-08T01:18:26.117394+00:00,Carhartt WIP W' Brandon Short,2899.0,https://www.queens.cz/cs/damske-kratasy/503950-carhartt-wip-w-brandon-short-cozy-purple-chalk-wash.html,ENTRY
Carhartt WIP,S/S Masterpiece T-Shirt,1290.0,https://www.freshlabels.cz/en/products/carhartt-wip-ss-masterpiece-t-shirt-c4406/,,,,-45.32,100.0,HIGH,queens,2026-04-08T01:18:26.117394+00:00,Carhartt WIP S/S Royce Shirt,2359.0,https://www.queens.cz/cs/panske-kosile/503932-carhartt-wip-s-s-royce-shirt-royce-stripe-icaria-white.html,ENTRY
Carhartt WIP,W' S/S Verner T-Shirt,990.0,https://www.freshlabels.cz/en/products/carhartt-wip-w-ss-verner-t-shirt-c3791/,,,,-31.72,100.0,HIGH,queens,2026-04-08T01:18:26.117394+00:00,Carhartt WIP W' S/S Spoiled T-Shirt,1450.0,https://www.queens.cz/cs/damska-tricka/489337-carhartt-wip-w-s-s-spoiled-t-shirt-black.html,ENTRY
Carhartt WIP,S/S Helix Redux T-Shirt,1290.0,https://www.freshlabels.cz/en/products/carhartt-wip-ss-helix-redux-t-shirt-c4709/,,,,-45.32,100.0,HIGH,queens,2026-04-08T01:18:26.117394+00:00,Carhartt WIP S/S Royce Shirt,2359.0,https://www.queens.cz/cs/panske-kosile/503932-carhartt-wip-s-s-royce-shirt-royce-stripe-icaria-white.html,ENTRY
Carhartt WIP,S/S Chase T-Shirt,990.0,https://www.freshlabels.cz/en/products/carhartt-wip-ss-chase-t-shirt-c4869/,,,,-58.03,100.0,HIGH,queens,2026-04-08T01:18:26.117394+00:00,Carhartt WIP S/S Royce Shirt,2359.0,https://www.queens.cz/cs/panske-kosile/503932-carhartt-wip-s-s-royce-shirt-royce-stripe-icaria-white.html,ENTRY
Carhartt WIP,S/S Chase T-Shirt,990.0,https://www.freshlabels.cz/en/products/carhartt-wip-ss-chase-t-shirt-c4892/,,,,-58.03,100.0,HIGH,queens,2026-04-08T01:18:26.117394+00:00,Carhartt WIP S/S Royce Shirt,2359.0,https://www.queens.cz/cs/panske-kosile/503932-carhartt-wip-s-s-royce-shirt-royce-stripe-icaria-white.html,ENTRY
Carhartt WIP,S/S Clover T-Shirt,990.0,https://www.freshlabels.cz/en/products/carhartt-wip-ss-clover-t-shirt-c4837/,,,,-58.03,100.0,HIGH,queens,2026-04-08T01:18:26.117394+00:00,Carhartt WIP S/S Royce Shirt,2359.0,https://www.queens.cz/cs/panske-kosile/503932-carhartt-wip-s-s-royce-shirt-royce-stripe-icaria-white.html,ENTRY
Carhartt WIP,S/S Pocket T-Shirt,950.0,https://www.freshlabels.cz/en/products/carhartt-wip-ss-pocket-t-shirt-c4870/,,,,-59.73,100.0,HIGH,queens,2026-04-08T01:18:26.117394+00:00,Carhartt WIP S/S Royce Shirt,2359.0,https://www.queens.cz/cs/panske-kosile/503932-carhartt-wip-s-s-royce-shirt-royce-stripe-icaria-white.html,ENTRY
Carhartt WIP,S/S Pocket T-Shirt,950.0,https://www.freshlabels.cz/en/products/carhartt-wip-ss-pocket-t-shirt-c4873/,,,,-59.73,100.0,HIGH,queens,2026-04-08T01:18:26.117394+00:00,Carhartt WIP S/S Royce Shirt,2359.0,https://www.queens.cz/cs/panske-kosile/503932-carhartt-wip-s-s-royce-shirt-royce-stripe-icaria-white.html,ENTRY
Carhartt WIP,W' S/S Hanson Pocket T-Shirt,1450.0,https://www.freshlabels.cz/en/products/carhartt-wip-w-ss-hanson-pocket-t-shirt-c4878/,,,,0.0,100.0,HIGH,queens,2026-04-08T01:18:26.117394+00:00,Carhartt WIP W' S/S Spoiled T-Shirt,1450.0,https://www.queens.cz/cs/damska-tricka/489337-carhartt-wip-w-s-s-spoiled-t-shirt-black.html,ENTRY
Carhartt WIP,W' S/S Reminiscing Ringer T-Shirt,1190.0,https://www.freshlabels.cz/en/products/carhartt-wip-w-ss-reminiscing-ringer-t-shirt-c4862/,,,,-17.93,100.0,HIGH,queens,2026-04-08T01:18:26.117394+00:00,Carhartt WIP W' S/S Spoiled T-Shirt,1450.0,https://www.queens.cz/cs/damska-tricka/489337-carhartt-wip-w-s-s-spoiled-t-shirt-black.html,ENTRY
Carhartt WIP,S/S Shattered T-Shirt,1450.0,https://www.freshlabels.cz/en/products/carhartt-wip-ss-shattered-t-shirt-c4799/,,,,-38.53,100.0,HIGH,queens,2026-04-08T01:18:26.117394+00:00,Carhartt WIP S/S Royce Shirt,2359.0,https://www.queens.cz/cs/panske-kosile/503932-carhartt-wip-s-s-royce-shirt-royce-stripe-icaria-white.html,ENTRY
Carhartt WIP,W' S/S Reminiscing Ringer T-S,1190.0,https://www.freshlabels.cz/en/products/carhartt-wip-w-ss-reminiscing-ringer-t-s-c4804/,,,,-17.93,100.0,HIGH,queens,2026-04-08T01:18:26.117394+00:00,Carhartt WIP W' S/S Spoiled T-Shirt,1450.0,https://www.queens.cz/cs/damska-tricka/489337-carhartt-wip-w-s-s-spoiled-t-shirt-black.html,ENTRY
Carhartt WIP,S/S Kander Shirt,2590.0,https://www.freshlabels.cz/en/products/carhartt-wip-ss-kander-shirt-c5068/,,,,9.79,100.0,HIGH,queens,2026-04-08T01:18:26.117394+00:00,Carhartt WIP S/S Royce Shirt,2359.0,https://www.queens.cz/cs/panske-kosile/503932-carhartt-wip-s-s-royce-shirt-royce-stripe-icaria-white.html,ENTRY
Carhartt WIP,W' S/S Hearts Of Hartts T-S,1190.0,https://www.freshlabels.cz/en/products/carhartt-wip-w-ss-hearts-of-hartts-t-s-c4565/,,,,-17.93,100.0,HIGH,queens,2026-04-08T01:18:26.117394+00:00,Carhartt WIP W' S/S Spoiled T-Shirt,1450.0,https://www.queens.cz/cs/damska-tricka/489337-carhartt-wip-w-s-s-spoiled-t-shirt-black.html,ENTRY
Carhartt WIP,S/S Experiential T-Shirt,1190.0,https://www.freshlabels.cz/en/products/carhartt-wip-ss-experiential-t-shirt-c4585/,,,,-49.55,100.0,HIGH,queens,2026-04-08T01:18:26.117394+00:00,Carhartt WIP S/S Royce Shirt,2359.0,https://www.queens.cz/cs/panske-kosile/503932-carhartt-wip-s-s-royce-shirt-royce-stripe-icaria-white.html,ENTRY
Carhartt WIP,S/S Work Pocket T-Shirt,1290.0,https://www.freshlabels.cz/en/products/carhartt-wip-ss-work-pocket-t-shirt-c4560/,,,,-45.32,100.0,HIGH,queens,2026-04-08T01:18:26.117394+00:00,Carhartt WIP S/S Royce Shirt,2359.0,https://www.queens.cz/cs/panske-kosile/503932-carhartt-wip-s-s-royce-shirt-royce-stripe-icaria-white.html,ENTRY
Carhartt WIP,S/S Work Pocket T-Shirt,1290.0,https://www.freshlabels.cz/en/products/carhartt-wip-ss-work-pocket-t-shirt-c4557/,,,,-45.32,100.0,HIGH,queens,2026-04-08T01:18:26.117394+00:00,Carhartt WIP S/S Royce Shirt,2359.0,https://www.queens.cz/cs/panske-kosile/503932-carhartt-wip-s-s-royce-shirt-royce-stripe-icaria-white.html,ENTRY
Carhartt WIP,S/S Terrestrial T-Shirt,1290.0,https://www.freshlabels.cz/en/products/carhartt-wip-ss-terrestrial-t-shirt-c4463/,,,,-45.32,100.0,HIGH,queens,2026-04-08T01:18:26.117394+00:00,Carhartt WIP S/S Royce Shirt,2359.0,https://www.queens.cz/cs/panske-kosile/503932-carhartt-wip-s-s-royce-shirt-royce-stripe-icaria-white.html,ENTRY
Carhartt WIP,S/S Wiptopia Script T-Shirt,1190.0,https://www.freshlabels.cz/en/products/carhartt-wip-ss-wiptopia-script-t-shirt-c4505/,,,,-49.55,100.0,HIGH,queens,2026-04-08T01:18:26.117394+00:00,Carhartt WIP S/S Royce Shirt,2359.0,https://www.queens.cz/cs/panske-kosile/503932-carhartt-wip-s-s-royce-shirt-royce-stripe-icaria-white.html,ENTRY
Carhartt WIP,W' S/S Guide Club T-Shirt,990.0,https://www.freshlabels.cz/en/products/carhartt-wip-w-ss-guide-club-t-shirt-c4530/,,,,-31.72,100.0,HIGH,queens,2026-04-08T01:18:26.117394+00:00,Carhartt WIP W' S/S Spoiled T-Shirt,1450.0,https://www.queens.cz/cs/damska-tricka/489337-carhartt-wip-w-s-s-spoiled-t-shirt-black.html,ENTRY
Carhartt WIP,W' S/S Heart Patch T-Shirt,1190.0,https://www.freshlabels.cz/en/products/carhartt-wip-w-ss-heart-patch-t-shirt-c4550/,,,,-17.93,100.0,HIGH,queens,2026-04-08T01:18:26.117394+00:00,Carhartt WIP W' S/S Spoiled T-Shirt,1450.0,https://www.queens.cz/cs/damska-tricka/489337-carhartt-wip-w-s-s-spoiled-t-shirt-black.html,ENTRY
Carhartt WIP,W' S/S Reminiscing Ringer T-Shirt,1190.0,https://www.freshlabels.cz/en/products/carhartt-wip-w-ss-reminiscing-ringer-t-shirt-c4863/,,,,-17.93,100.0,HIGH,queens,2026-04-08T01:18:26.117394+00:00,Carhartt WIP W' S/S Spoiled T-Shirt,1450.0,https://www.queens.cz/cs/damska-tricka/489337-carhartt-wip-w-s-s-spoiled-t-shirt-black.html,ENTRY
Carhartt WIP,S/S Clover T-Shirt,990.0,https://www.freshlabels.cz/en/products/carhartt-wip-ss-clover-t-shirt-c4838/,,,,-58.03,100.0,HIGH,queens,2026-04-08T01:18:26.117394+00:00,Carhartt WIP S/S Royce Shirt,2359.0,https://www.queens.cz/cs/panske-kosile/503932-carhartt-wip-s-s-royce-shirt-royce-stripe-icaria-white.html,ENTRY
Carhartt WIP,S/S Faded Pond Corps T-Shirt,1550.0,https://www.freshlabels.cz/en/products/carhartt-wip-ss-faded-pond-corps-t-shirt-c4844/,,,,-34.29,100.0,HIGH,queens,2026-04-08T01:18:26.117394+00:00,Carhartt WIP S/S Royce Shirt,2359.0,https://www.queens.cz/cs/panske-kosile/503932-carhartt-wip-s-s-royce-shirt-royce-stripe-icaria-white.html,ENTRY
Carhartt WIP,S/S Vrooom T-Shirt,1450.0,https://www.freshlabels.cz/en/products/carhartt-wip-ss-vrooom-t-shirt-c4797/,,,,-38.53,100.0,HIGH,queens,2026-04-08T01:18:26.117394+00:00,Carhartt WIP S/S Royce Shirt,2359.0,https://www.queens.cz/cs/panske-kosile/503932-carhartt-wip-s-s-royce-shirt-royce-stripe-icaria-white.html,ENTRY
Carhartt WIP,S/S Fairplay T-Shirt,1190.0,https://www.freshlabels.cz/en/products/carhartt-wip-ss-fairplay-t-shirt-c4769/,,,,-49.55,100.0,HIGH,queens,2026-04-08T01:18:26.117394+00:00,Carhartt WIP S/S Royce Shirt,2359.0,https://www.queens.cz/cs/panske-kosile/503932-carhartt-wip-s-s-royce-shirt-royce-stripe-icaria-white.html,ENTRY
Carhartt WIP,W' S/S Chase T-Shirt,1190.0,https://www.freshlabels.cz/en/products/carhartt-wip-w-ss-chase-t-shirt-c4794/,,,,-17.93,100.0,HIGH,queens,2026-04-08T01:18:26.117394+00:00,Carhartt WIP W' S/S Spoiled T-Shirt,1450.0,https://www.queens.cz/cs/damska-tricka/489337-carhartt-wip-w-s-s-spoiled-t-shirt-black.html,ENTRY
Carhartt WIP,S/S Link Script T-Shirt,1290.0,https://www.freshlabels.cz/en/products/carhartt-wip-ss-link-script-t-shirt-c4928/,,,,-45.32,100.0,HIGH,queens,2026-04-08T01:18:26.117394+00:00,Carhartt WIP S/S Royce Shirt,2359.0,https://www.queens.cz/cs/panske-kosile/503932-carhartt-wip-s-s-royce-shirt-royce-stripe-icaria-white.html,ENTRY
Carhartt WIP,S/S Link Script T-Shirt,1290.0,https://www.freshlabels.cz/en/products/carhartt-wip-ss-link-script-t-shirt-c4929/,,,,-45.32,100.0,HIGH,queens,2026-04-08T01:18:26.117394+00:00,Carhartt WIP S/S Royce Shirt,2359.0,https://www.queens.cz/cs/panske-kosile/503932-carhartt-wip-s-s-royce-shirt-royce-stripe-icaria-white.html,ENTRY
Carhartt WIP,S/S Pocket Heart T-Shirt,1190.0,https://www.freshlabels.cz/en/products/carhartt-wip-ss-pocket-heart-t-shirt-c4270/,,,,-49.55,100.0,HIGH,queens,2026-04-08T01:18:26.117394+00:00,Carhartt WIP S/S Royce Shirt,2359.0,https://www.queens.cz/cs/panske-kosile/503932-carhartt-wip-s-s-royce-shirt-royce-stripe-icaria-white.html,ENTRY
Carhartt WIP,S/S Groff Shirt,2350.0,https://www.freshlabels.cz/en/products/carhartt-wip-ss-groff-shirt-c5010/,,,,-0.38,100.0,HIGH,queens,2026-04-08T01:18:26.117394+00:00,Carhartt WIP S/S Royce Shirt,2359.0,https://www.queens.cz/cs/panske-kosile/503932-carhartt-wip-s-s-royce-shirt-royce-stripe-icaria-white.html,ENTRY
Carhartt WIP,W' S/S Chase T-Shirt,1190.0,https://www.freshlabels.cz/en/products/carhartt-wip-w-ss-chase-t-shirt-c4136/,,,,-17.93,100.0,HIGH,queens,2026-04-08T01:18:26.117394+00:00,Carhartt WIP W' S/S Spoiled T-Shirt,1450.0,https://www.queens.cz/cs/damska-tricka/489337-carhartt-wip-w-s-s-spoiled-t-shirt-black.html,ENTRY
Carhartt WIP,W' S/S Chase T-Shirt,1190.0,https://www.freshlabels.cz/en/products/carhartt-wip-w-ss-chase-t-shirt-c5038/,,,,-17.93,100.0,HIGH,queens,2026-04-08T01:18:26.117394+00:00,Carhartt WIP W' S/S Spoiled T-Shirt,1450.0,https://www.queens.cz/cs/damska-tricka/489337-carhartt-wip-w-s-s-spoiled-t-shirt-black.html,ENTRY
Carhartt WIP,W' S/S Ezra T-Shirt,990.0,https://www.freshlabels.cz/en/products/carhartt-wip-w-ss-ezra-t-shirt-c5045/,,,,-31.72,100.0,HIGH,queens,2026-04-08T01:18:26.117394+00:00,Carhartt WIP W' S/S Spoiled T-Shirt,1450.0,https://www.queens.cz/cs/damska-tricka/489337-carhartt-wip-w-s-s-spoiled-t-shirt-black.html,ENTRY
Carhartt WIP,S/S Jake Garcia T-shirt,1690.0,https://www.freshlabels.cz/en/products/carhartt-wip-ss-jake-garcia-t-shirt-c4414/,,,,-28.36,100.0,HIGH,queens,2026-04-08T01:18:26.117394+00:00,Carhartt WIP S/S Royce Shirt,2359.0,https://www.queens.cz/cs/panske-kosile/503932-carhartt-wip-s-s-royce-shirt-royce-stripe-icaria-white.html,ENTRY
Carhartt WIP,W' S/S Jake Garcia T-Shirt,1550.0,https://www.freshlabels.cz/en/products/carhartt-wip-w-ss-jake-garcia-t-shirt-c4501/,,,,6.9,100.0,HIGH,queens,2026-04-08T01:18:26.117394+00:00,Carhartt WIP W' S/S Spoiled T-Shirt,1450.0,https://www.queens.cz/cs/damska-tricka/489337-carhartt-wip-w-s-s-spoiled-t-shirt-black.html,ENTRY
Carhartt WIP,S/S Hot Cob T-Shirt,1290.0,https://www.freshlabels.cz/en/products/carhartt-wip-ss-hot-cob-t-shirt-c4806/,,,,-45.32,100.0,HIGH,queens,2026-04-08T01:18:26.117394+00:00,Carhartt WIP S/S Royce Shirt,2359.0,https://www.queens.cz/cs/panske-kosile/503932-carhartt-wip-s-s-royce-shirt-royce-stripe-icaria-white.html,ENTRY
Carhartt WIP,S/S Vrooom T-Shirt,1450.0,https://www.freshlabels.cz/en/products/carhartt-wip-ss-vrooom-t-shirt-c4851/,,,,-38.53,100.0,HIGH,queens,2026-04-08T01:18:26.117394+00:00,Carhartt WIP S/S Royce Shirt,2359.0,https://www.queens.cz/cs/panske-kosile/503932-carhartt-wip-s-s-royce-shirt-royce-stripe-icaria-white.html,ENTRY
Carhartt WIP,S/S Duck Duck T-Shirt,1190.0,https://www.freshlabels.cz/en/products/carhartt-wip-ss-duck-duck-t-shirt-c4866/,,,,-49.55,100.0,HIGH,queens,2026-04-08T01:18:26.117394+00:00,Carhartt WIP S/S Royce Shirt,2359.0,https://www.queens.cz/cs/panske-kosile/503932-carhartt-wip-s-s-royce-shirt-royce-stripe-icaria-white.html,ENTRY
Carhartt WIP,W' S/S Benton T-Shirt,1450.0,https://www.freshlabels.cz/en/products/carhartt-wip-w-ss-benton-t-shirt-c5084/,,,,0.0,100.0,HIGH,queens,2026-04-08T01:18:26.117394+00:00,Carhartt WIP W' S/S Spoiled T-Shirt,1450.0,https://www.queens.cz/cs/damska-tricka/489337-carhartt-wip-w-s-s-spoiled-t-shirt-black.html,ENTRY
Carhartt WIP,S/S Delray Shirt,2090.0,https://www.freshlabels.cz/en/products/carhartt-wip-ss-delray-shirt-c5067/,,,,-11.4,100.0,HIGH,queens,2026-04-08T01:18:26.117394+00:00,Carhartt WIP S/S Royce Shirt,2359.0,https://www.queens.cz/cs/panske-kosile/503932-carhartt-wip-s-s-royce-shirt-royce-stripe-icaria-white.html,ENTRY
Carhartt WIP,S/S Delray Shirt,2090.0,https://www.freshlabels.cz/en/products/carhartt-wip-ss-delray-shirt-c5066/,,,,-11.4,100.0,HIGH,queens,2026-04-08T01:18:26.117394+00:00,Carhartt WIP S/S Royce Shirt,2359.0,https://www.queens.cz/cs/panske-kosile/503932-carhartt-wip-s-s-royce-shirt-royce-stripe-icaria-white.html,ENTRY
Carhartt WIP,S/S Pocket Heart T-Shirt,1190.0,https://www.freshlabels.cz/en/products/carhartt-wip-ss-pocket-heart-t-shirt-c4266/,,,,-49.55,100.0,HIGH,queens,2026-04-08T01:18:26.117394+00:00,Carhartt WIP S/S Royce Shirt,2359.0,https://www.queens.cz/cs/panske-kosile/503932-carhartt-wip-s-s-royce-shirt-royce-stripe-icaria-white.html,ENTRY
Carhartt WIP,S/S Leavel Shirt,2350.0,https://www.freshlabels.cz/en/products/carhartt-wip-ss-leavel-shirt-c5089/,,,,-0.38,100.0,HIGH,queens,2026-04-08T01:18:26.117394+00:00,Carhartt WIP S/S Royce Shirt,2359.0,https://www.queens.cz/cs/panske-kosile/503932-carhartt-wip-s-s-royce-shirt-royce-stripe-icaria-white.html,ENTRY
Carhartt WIP,S/S Octopus T-Shirt,1190.0,https://www.freshlabels.cz/en/products/carhartt-wip-ss-octopus-t-shirt-c5093/,,,,-49.55,100.0,HIGH,queens,2026-04-08T01:18:26.117394+00:00,Carhartt WIP S/S Royce Shirt,2359.0,https://www.queens.cz/cs/panske-kosile/503932-carhartt-wip-s-s-royce-shirt-royce-stripe-icaria-white.html,ENTRY
Carhartt WIP,S/S Octopus T-Shirt,1190.0,https://www.freshlabels.cz/en/products/carhartt-wip-ss-octopus-t-shirt-c5094/,,,,-49.55,100.0,HIGH,queens,2026-04-08T01:18:26.117394+00:00,Carhartt WIP S/S Royce Shirt,2359.0,https://www.queens.cz/cs/panske-kosile/503932-carhartt-wip-s-s-royce-shirt-royce-stripe-icaria-white.html,ENTRY
Carhartt WIP,Postal Jacket,4190.0,https://www.freshlabels.cz/en/products/carhartt-wip-postal-jacket-c5086/,,,,6.08,92.85714285714286,HIGH,queens,2026-04-08T01:18:26.117394+00:00,Carhartt WIP W' Postal Jacket,3950.0,https://www.queens.cz/cs/damske-bundy/489376-carhartt-wip-w-postal-jacket-black-wax.html,ENTRY
Carhartt WIP,W' S/S Okniceok T-Shirt,1190.0,https://www.freshlabels.cz/en/products/carhartt-wip-w-ss-okniceok-t-shirt-c4555/,,,,-17.93,100.0,HIGH,queens,2026-04-08T01:18:26.117394+00:00,Carhartt WIP W' S/S Spoiled T-Shirt,1450.0,https://www.queens.cz/cs/damska-tricka/489337-carhartt-wip-w-s-s-spoiled-t-shirt-black.html,ENTRY
Carhartt WIP,S/S Cloud Heart T-Shirt,1290.0,https://www.freshlabels.cz/en/products/carhartt-wip-ss-cloud-heart-t-shirt-c5076/,,,,-45.32,100.0,HIGH,queens,2026-04-08T01:18:26.117394+00:00,Carhartt WIP S/S Royce Shirt,2359.0,https://www.queens.cz/cs/panske-kosile/503932-carhartt-wip-s-s-royce-shirt-royce-stripe-icaria-white.html,ENTRY
Carhartt WIP,W' Emery Jacket,6250.0,https://www.freshlabels.cz/en/products/carhartt-wip-w-emery-jacket-c4488/,,,,57.87,82.75862068965517,MEDIUM,queens,2026-04-08T01:18:26.117394+00:00,Carhartt WIP W' Belmar Jacket,3959.0,https://www.queens.cz/cs/damske-bundy/503941-carhartt-wip-w-belmar-jacket-black-rinsed.html,ENTRY
Carhartt WIP,W' Emery Skirt,2990.0,https://www.freshlabels.cz/en/products/carhartt-wip-w-emery-skirt-c4444/,,,,-6.53,100.0,HIGH,queens,2026-04-08T01:18:26.117394+00:00,Carhartt WIP W' Emery Skirt,3199.0,https://www.queens.cz/cs/sukne/445603-carhartt-wip-w-emery-skirt-black-chalk-wash.html,ENTRY
Carhartt WIP,W' S/S Heart Patch T-Shirt,1190.0,https://www.freshlabels.cz/en/products/carhartt-wip-w-ss-heart-patch-t-shirt-c4548/,,,,-17.93,100.0,HIGH,queens,2026-04-08T01:18:26.117394+00:00,Carhartt WIP W' S/S Spoiled T-Shirt,1450.0,https://www.queens.cz/cs/damska-tricka/489337-carhartt-wip-w-s-s-spoiled-t-shirt-black.html,ENTRY
Carhartt WIP,S/S Solar Chrome C-Logo T-Shirt,1290.0,https://www.freshlabels.cz/en/products/carhartt-wip-ss-solar-chrome-c-logo-t-shirt-c4405/,,,,-45.32,100.0,HIGH,queens,2026-04-08T01:18:26.117394+00:00,Carhartt WIP S/S Royce Shirt,2359.0,https://www.queens.cz/cs/panske-kosile/503932-carhartt-wip-s-s-royce-shirt-royce-stripe-icaria-white.html,ENTRY
Carhartt WIP,W' S/S Nelson T-Shirt,1190.0,https://www.freshlabels.cz/en/products/carhartt-wip-w-ss-nelson-t-shirt-c5083/,,,,-17.93,100.0,HIGH,queens,2026-04-08T01:18:26.117394+00:00,Carhartt WIP W' S/S Spoiled T-Shirt,1450.0,https://www.queens.cz/cs/damska-tricka/489337-carhartt-wip-w-s-s-spoiled-t-shirt-black.html,ENTRY
Carhartt WIP,S/S Spoiled T-Shirt,1450.0,https://www.freshlabels.cz/en/products/carhartt-wip-ss-spoiled-t-shirt-c5070/,,,,-38.53,100.0,HIGH,queens,2026-04-08T01:18:26.117394+00:00,Carhartt WIP S/S Royce Shirt,2359.0,https://www.queens.cz/cs/panske-kosile/503932-carhartt-wip-s-s-royce-shirt-royce-stripe-icaria-white.html,ENTRY
Carhartt WIP,S/S Spoiled T-Shirt,1450.0,https://www.freshlabels.cz/en/products/carhartt-wip-ss-spoiled-t-shirt-c5069/,,,,-38.53,100.0,HIGH,queens,2026-04-08T01:18:26.117394+00:00,Carhartt WIP S/S Royce Shirt,2359.0,https://www.queens.cz/cs/panske-kosile/503932-carhartt-wip-s-s-royce-shirt-royce-stripe-icaria-white.html,ENTRY
Carhartt WIP,S/S Tipsy Type T-Shirt,1190.0,https://www.freshlabels.cz/en/products/carhartt-wip-ss-tipsy-type-t-shirt-c5122/,,,,-49.55,100.0,HIGH,queens,2026-04-08T01:18:26.117394+00:00,Carhartt WIP S/S Royce Shirt,2359.0,https://www.queens.cz/cs/panske-kosile/503932-carhartt-wip-s-s-royce-shirt-royce-stripe-icaria-white.html,ENTRY
Carhartt WIP,S/S Cloud Heart T-Shirt,1290.0,https://www.freshlabels.cz/en/products/carhartt-wip-ss-cloud-heart-t-shirt-c5124/,,,,-45.32,100.0,HIGH,queens,2026-04-08T01:18:26.117394+00:00,Carhartt WIP S/S Royce Shirt,2359.0,https://www.queens.cz/cs/panske-kosile/503932-carhartt-wip-s-s-royce-shirt-royce-stripe-icaria-white.html,ENTRY
Carhartt WIP,W' Emery Skirt,2990.0,https://www.freshlabels.cz/en/products/carhartt-wip-w-emery-skirt-c4443/,,,,-6.53,100.0,HIGH,queens,2026-04-08T01:18:26.117394+00:00,Carhartt WIP W' Emery Skirt,3199.0,https://www.queens.cz/cs/sukne/445603-carhartt-wip-w-emery-skirt-black-chalk-wash.html,ENTRY
Carhartt WIP,W' S/S Heart Patch T-Shirt,1190.0,https://www.freshlabels.cz/en/products/carhartt-wip-w-ss-heart-patch-t-shirt-c4547/,,,,-17.93,100.0,HIGH,queens,2026-04-08T01:18:26.117394+00:00,Carhartt WIP W' S/S Spoiled T-Shirt,1450.0,https://www.queens.cz/cs/damska-tricka/489337-carhartt-wip-w-s-s-spoiled-t-shirt-black.html,ENTRY
Carhartt WIP,S/S Shattered T-Shirt,1450.0,https://www.freshlabels.cz/en/products/carhartt-wip-ss-shattered-t-shirt-c4798/,,,,-38.53,100.0,HIGH,queens,2026-04-08T01:18:26.117394+00:00,Carhartt WIP S/S Royce Shirt,2359.0,https://www.queens.cz/cs/panske-kosile/503932-carhartt-wip-s-s-royce-shirt-royce-stripe-icaria-white.html,ENTRY
Carhartt WIP,W' S/S Okniceok T-Shirt,1190.0,https://www.freshlabels.cz/en/products/carhartt-wip-w-ss-okniceok-t-shirt-c4556/,,,,-17.93,100.0,HIGH,queens,2026-04-08T01:18:26.117394+00:00,Carhartt WIP W' S/S Spoiled T-Shirt,1450.0,https://www.queens.cz/cs/damska-tricka/489337-carhartt-wip-w-s-s-spoiled-t-shirt-black.html,ENTRY
Carhartt WIP,S/S C Logo Archive T-Shirt,1290.0,https://www.freshlabels.cz/en/products/carhartt-wip-ss-c-logo-archive-t-shirt-c4582/,,,,-45.32,100.0,HIGH,queens,2026-04-08T01:18:26.117394+00:00,Carhartt WIP S/S Royce Shirt,2359.0,https://www.queens.cz/cs/panske-kosile/503932-carhartt-wip-s-s-royce-shirt-royce-stripe-icaria-white.html,ENTRY
Carhartt WIP,S/S Camo Combi T-Shirt,1990.0,https://www.freshlabels.cz/en/products/carhartt-wip-ss-camo-combi-t-shirt-c4606/,,,,-15.64,100.0,HIGH,queens,2026-04-08T01:18:26.117394+00:00,Carhartt WIP S/S Royce Shirt,2359.0,https://www.queens.cz/cs/panske-kosile/503932-carhartt-wip-s-s-royce-shirt-royce-stripe-icaria-white.html,ENTRY
Carhartt WIP,S/S Vrooom T-Shirt,1450.0,https://www.freshlabels.cz/en/products/carhartt-wip-ss-vrooom-t-shirt-c4796/,,,,-38.53,100.0,HIGH,queens,2026-04-08T01:18:26.117394+00:00,Carhartt WIP S/S Royce Shirt,2359.0,https://www.queens.cz/cs/panske-kosile/503932-carhartt-wip-s-s-royce-shirt-royce-stripe-icaria-white.html,ENTRY
Carhartt WIP,W' S/S Chase T-Shirt,1190.0,https://www.freshlabels.cz/en/products/carhartt-wip-w-ss-chase-t-shirt-c4137/,,,,-17.93,100.0,HIGH,queens,2026-04-08T01:18:26.117394+00:00,Carhartt WIP W' S/S Spoiled T-Shirt,1450.0,https://www.queens.cz/cs/damska-tricka/489337-carhartt-wip-w-s-s-spoiled-t-shirt-black.html,ENTRY
Carhartt WIP,S/S Shattered T-Shirt,1450.0,https://www.freshlabels.cz/en/products/carhartt-wip-ss-shattered-t-shirt-c4852/,,,,-38.53,100.0,HIGH,queens,2026-04-08T01:18:26.117394+00:00,Carhartt WIP S/S Royce Shirt,2359.0,https://www.queens.cz/cs/panske-kosile/503932-carhartt-wip-s-s-royce-shirt-royce-stripe-icaria-white.html,ENTRY
Carhartt WIP,W' S/S Verner T-Shirt,940.0,https://www.freshlabels.cz/en/products/carhartt-wip-w-ss-verner-t-shirt-c4761/,,,,-35.17,100.0,HIGH,queens,2026-04-08T01:18:26.117394+00:00,Carhartt WIP W' S/S Spoiled T-Shirt,1450.0,https://www.queens.cz/cs/damska-tricka/489337-carhartt-wip-w-s-s-spoiled-t-shirt-black.html,ENTRY
Carhartt WIP,S/S Hot Cob T-Shirt,1290.0,https://www.freshlabels.cz/en/products/carhartt-wip-ss-hot-cob-t-shirt-c4807/,,,,-45.32,100.0,HIGH,queens,2026-04-08T01:18:26.117394+00:00,Carhartt WIP S/S Royce Shirt,2359.0,https://www.queens.cz/cs/panske-kosile/503932-carhartt-wip-s-s-royce-shirt-royce-stripe-icaria-white.html,ENTRY
Carhartt WIP,S/S Helix Redux T-Shirt,1290.0,https://www.freshlabels.cz/en/products/carhartt-wip-ss-helix-redux-t-shirt-c4648/,,,,-45.32,100.0,HIGH,queens,2026-04-08T01:18:26.117394+00:00,Carhartt WIP S/S Royce Shirt,2359.0,https://www.queens.cz/cs/panske-kosile/503932-carhartt-wip-s-s-royce-shirt-royce-stripe-icaria-white.html,ENTRY
Carhartt WIP,S/S Ip Ringer T-Shirt,1290.0,https://www.freshlabels.cz/en/products/carhartt-wip-ss-ip-ringer-t-shirt-c4968/,,,,-45.32,100.0,HIGH,queens,2026-04-08T01:18:26.117394+00:00,Carhartt WIP S/S Royce Shirt,2359.0,https://www.queens.cz/cs/panske-kosile/503932-carhartt-wip-s-s-royce-shirt-royce-stripe-icaria-white.html,ENTRY
Carhartt WIP,S/S Ip Ringer T-Shirt,1290.0,https://www.freshlabels.cz/en/products/carhartt-wip-ss-ip-ringer-t-shirt-c4944/,,,,-45.32,100.0,HIGH,queens,2026-04-08T01:18:26.117394+00:00,Carhartt WIP S/S Royce Shirt,2359.0,https://www.queens.cz/cs/panske-kosile/503932-carhartt-wip-s-s-royce-shirt-royce-stripe-icaria-white.html,ENTRY
Carhartt WIP,S/S Pocket Heart T-Shirt,1190.0,https://www.freshlabels.cz/en/products/carhartt-wip-ss-pocket-heart-t-shirt-c4267/,,,,-49.55,100.0,HIGH,queens,2026-04-08T01:18:26.117394+00:00,Carhartt WIP S/S Royce Shirt,2359.0,https://www.queens.cz/cs/panske-kosile/503932-carhartt-wip-s-s-royce-shirt-royce-stripe-icaria-white.html,ENTRY
Carhartt WIP,S/S Nelson T-Shirt,1290.0,https://www.freshlabels.cz/en/products/carhartt-wip-ss-nelson-t-shirt-c4994/,,,,-45.32,100.0,HIGH,queens,2026-04-08T01:18:26.117394+00:00,Carhartt WIP S/S Royce Shirt,2359.0,https://www.queens.cz/cs/panske-kosile/503932-carhartt-wip-s-s-royce-shirt-royce-stripe-icaria-white.html,ENTRY
Carhartt WIP,S/S Nelson T-Shirt,1290.0,https://www.freshlabels.cz/en/products/carhartt-wip-ss-nelson-t-shirt-c4995/,,,,-45.32,100.0,HIGH,queens,2026-04-08T01:18:26.117394+00:00,Carhartt WIP S/S Royce Shirt,2359.0,https://www.queens.cz/cs/panske-kosile/503932-carhartt-wip-s-s-royce-shirt-royce-stripe-icaria-white.html,ENTRY
Carhartt WIP,S/S Nelson T-Shirt,1290.0,https://www.freshlabels.cz/en/products/carhartt-wip-ss-nelson-t-shirt-c4996/,,,,-45.32,100.0,HIGH,queens,2026-04-08T01:18:26.117394+00:00,Carhartt WIP S/S Royce Shirt,2359.0,https://www.queens.cz/cs/panske-kosile/503932-carhartt-wip-s-s-royce-shirt-royce-stripe-icaria-white.html,ENTRY
Carhartt WIP,S/S Cloud Heart T-Shirt,1290.0,https://www.freshlabels.cz/en/products/carhartt-wip-ss-cloud-heart-t-shirt-c5123/,,,,-45.32,100.0,HIGH,queens,2026-04-08T01:18:26.117394+00:00,Carhartt WIP S/S Royce Shirt,2359.0,https://www.queens.cz/cs/panske-kosile/503932-carhartt-wip-s-s-royce-shirt-royce-stripe-icaria-white.html,ENTRY
Carhartt WIP,S/S WIP Label T-Shirt,1290.0,https://www.freshlabels.cz/en/products/carhartt-wip-ss-wip-label-t-shirt-c5009/,,,,-45.32,100.0,HIGH,queens,2026-04-08T01:18:26.117394+00:00,Carhartt WIP S/S Royce Shirt,2359.0,https://www.queens.cz/cs/panske-kosile/503932-carhartt-wip-s-s-royce-shirt-royce-stripe-icaria-white.html,ENTRY
Carhartt WIP,S/S Pocket T-Shirt,950.0,https://www.freshlabels.cz/en/products/carhartt-wip-ss-pocket-t-shirt-c5030/,,,,-59.73,100.0,HIGH,queens,2026-04-08T01:18:26.117394+00:00,Carhartt WIP S/S Royce Shirt,2359.0,https://www.queens.cz/cs/panske-kosile/503932-carhartt-wip-s-s-royce-shirt-royce-stripe-icaria-white.html,ENTRY
Carhartt WIP,S/S World Tour T-Shirt,1450.0,https://www.freshlabels.cz/en/products/carhartt-wip-ss-world-tour-t-shirt-c5022/,,,,-38.53,100.0,HIGH,queens,2026-04-08T01:18:26.117394+00:00,Carhartt WIP S/S Royce Shirt,2359.0,https://www.queens.cz/cs/panske-kosile/503932-carhartt-wip-s-s-royce-shirt-royce-stripe-icaria-white.html,ENTRY
Carhartt WIP,S/S Forma T-Shirt,1550.0,https://www.freshlabels.cz/en/products/carhartt-wip-ss-forma-t-shirt-c5023/,,,,-34.29,100.0,HIGH,queens,2026-04-08T01:18:26.117394+00:00,Carhartt WIP S/S Royce Shirt,2359.0,https://www.queens.cz/cs/panske-kosile/503932-carhartt-wip-s-s-royce-shirt-royce-stripe-icaria-white.html,ENTRY
Carhartt WIP,S/S Forma T-Shirt,1550.0,https://www.freshlabels.cz/en/products/carhartt-wip-ss-forma-t-shirt-c5024/,,,,-34.29,100.0,HIGH,queens,2026-04-08T01:18:26.117394+00:00,Carhartt WIP S/S Royce Shirt,2359.0,https://www.queens.cz/cs/panske-kosile/503932-carhartt-wip-s-s-royce-shirt-royce-stripe-icaria-white.html,ENTRY
Carhartt WIP,S/S Impact T-Shirt,1190.0,https://www.freshlabels.cz/en/products/carhartt-wip-ss-impact-t-shirt-c5025/,,,,-49.55,100.0,HIGH,queens,2026-04-08T01:18:26.117394+00:00,Carhartt WIP S/S Royce Shirt,2359.0,https://www.queens.cz/cs/panske-kosile/503932-carhartt-wip-s-s-royce-shirt-royce-stripe-icaria-white.html,ENTRY
Carhartt WIP,S/S Pocket T-Shirt,950.0,https://www.freshlabels.cz/en/products/carhartt-wip-ss-pocket-t-shirt-c5029/,,,,-59.73,100.0,HIGH,queens,2026-04-08T01:18:26.117394+00:00,Carhartt WIP S/S Royce Shirt,2359.0,https://www.queens.cz/cs/panske-kosile/503932-carhartt-wip-s-s-royce-shirt-royce-stripe-icaria-white.html,ENTRY
Carhartt WIP,S/S Impact T-Shirt,1190.0,https://www.freshlabels.cz/en/products/carhartt-wip-ss-impact-t-shirt-c5026/,,,,-49.55,100.0,HIGH,queens,2026-04-08T01:18:26.117394+00:00,Carhartt WIP S/S Royce Shirt,2359.0,https://www.queens.cz/cs/panske-kosile/503932-carhartt-wip-s-s-royce-shirt-royce-stripe-icaria-white.html,ENTRY
Carhartt WIP,S/S Script T-Shirt,990.0,https://www.freshlabels.cz/en/products/carhartt-wip-ss-script-t-shirt-c4934/,,,,-58.03,100.0,HIGH,queens,2026-04-08T01:18:26.117394+00:00,Carhartt WIP S/S Royce Shirt,2359.0,https://www.queens.cz/cs/panske-kosile/503932-carhartt-wip-s-s-royce-shirt-royce-stripe-icaria-white.html,ENTRY
Carhartt WIP,S/S Chase T-Shirt,990.0,https://www.freshlabels.cz/en/products/carhartt-wip-ss-chase-t-shirt-c2054/,,,,-58.03,100.0,HIGH,queens,2026-04-08T01:18:26.117394+00:00,Carhartt WIP S/S Royce Shirt,2359.0,https://www.queens.cz/cs/panske-kosile/503932-carhartt-wip-s-s-royce-shirt-royce-stripe-icaria-white.html,ENTRY
Carhartt WIP,S/S World Tour T-Shirt,1450.0,https://www.freshlabels.cz/en/products/carhartt-wip-ss-world-tour-t-shirt-c5011/,,,,-38.53,100.0,HIGH,queens,2026-04-08T01:18:26.117394+00:00,Carhartt WIP S/S Royce Shirt,2359.0,https://www.queens.cz/cs/panske-kosile/503932-carhartt-wip-s-s-royce-shirt-royce-stripe-icaria-white.html,ENTRY
Carhartt WIP,S/S Script T-Shirt,990.0,https://www.freshlabels.cz/en/products/carhartt-wip-ss-script-t-shirt-c4966/,,,,-58.03,100.0,HIGH,queens,2026-04-08T01:18:26.117394+00:00,Carhartt WIP S/S Royce Shirt,2359.0,https://www.queens.cz/cs/panske-kosile/503932-carhartt-wip-s-s-royce-shirt-royce-stripe-icaria-white.html,ENTRY
Carhartt WIP,S/S Script T-Shirt,990.0,https://www.freshlabels.cz/en/products/carhartt-wip-ss-script-t-shirt-c4967/,,,,-58.03,100.0,HIGH,queens,2026-04-08T01:18:26.117394+00:00,Carhartt WIP S/S Royce Shirt,2359.0,https://www.queens.cz/cs/panske-kosile/503932-carhartt-wip-s-s-royce-shirt-royce-stripe-icaria-white.html,ENTRY
Carhartt WIP,S/S Chase T-Shirt,990.0,https://www.freshlabels.cz/en/products/carhartt-wip-ss-chase-t-shirt-c1797/,,,,-58.03,100.0,HIGH,queens,2026-04-08T01:18:26.117394+00:00,Carhartt WIP S/S Royce Shirt,2359.0,https://www.queens.cz/cs/panske-kosile/503932-carhartt-wip-s-s-royce-shirt-royce-stripe-icaria-white.html,ENTRY
Carhartt WIP,W' S/S Pocket Heart T-Shirt,990.0,https://www.freshlabels.cz/en/products/carhartt-wip-w-ss-pocket-heart-t-shirt-c4273/,,,,-31.72,100.0,HIGH,queens,2026-04-08T01:18:26.117394+00:00,Carhartt WIP W' S/S Spoiled T-Shirt,1450.0,https://www.queens.cz/cs/damska-tricka/489337-carhartt-wip-w-s-s-spoiled-t-shirt-black.html,ENTRY
Carhartt WIP,W' S/S Pocket Heart T-Shirt,990.0,https://www.freshlabels.cz/en/products/carhartt-wip-w-ss-pocket-heart-t-shirt-c4274/,,,,-31.72,100.0,HIGH,queens,2026-04-08T01:18:26.117394+00:00,Carhartt WIP W' S/S Spoiled T-Shirt,1450.0,https://www.queens.cz/cs/damska-tricka/489337-carhartt-wip-w-s-s-spoiled-t-shirt-black.html,ENTRY
Carhartt WIP,W' S/S Chester T-Shirt,990.0,https://www.freshlabels.cz/en/products/carhartt-wip-w-ss-chester-t-shirt-c3222/,,,,-31.72,100.0,HIGH,queens,2026-04-08T01:18:26.117394+00:00,Carhartt WIP W' S/S Spoiled T-Shirt,1450.0,https://www.queens.cz/cs/damska-tricka/489337-carhartt-wip-w-s-s-spoiled-t-shirt-black.html,ENTRY
Carhartt WIP,W' S/S Chase T-Shirt,1190.0,https://www.freshlabels.cz/en/products/carhartt-wip-w-ss-chase-t-shirt-c5039/,,,,-17.93,100.0,HIGH,queens,2026-04-08T01:18:26.117394+00:00,Carhartt WIP W' S/S Spoiled T-Shirt,1450.0,https://www.queens.cz/cs/damska-tricka/489337-carhartt-wip-w-s-s-spoiled-t-shirt-black.html,ENTRY
Carhartt WIP,W' S/S Chase T-Shirt,1190.0,https://www.freshlabels.cz/en/products/carhartt-wip-w-ss-chase-t-shirt-c5040/,,,,-17.93,100.0,HIGH,queens,2026-04-08T01:18:26.117394+00:00,Carhartt WIP W' S/S Spoiled T-Shirt,1450.0,https://www.queens.cz/cs/damska-tricka/489337-carhartt-wip-w-s-s-spoiled-t-shirt-black.html,ENTRY
Carhartt WIP,W' S/S Ezra T-Shirt,990.0,https://www.freshlabels.cz/en/products/carhartt-wip-w-ss-ezra-t-shirt-c5044/,,,,-31.72,100.0,HIGH,queens,2026-04-08T01:18:26.117394+00:00,Carhartt WIP W' S/S Spoiled T-Shirt,1450.0,https://www.queens.cz/cs/damska-tricka/489337-carhartt-wip-w-s-s-spoiled-t-shirt-black.html,ENTRY
Carhartt WIP,W' S/S Pocket Heart T-Shirt,990.0,https://www.freshlabels.cz/en/products/carhartt-wip-w-ss-pocket-heart-t-shirt-c5006/,,,,-31.72,100.0,HIGH,queens,2026-04-08T01:18:26.117394+00:00,Carhartt WIP W' S/S Spoiled T-Shirt,1450.0,https://www.queens.cz/cs/damska-tricka/489337-carhartt-wip-w-s-s-spoiled-t-shirt-black.html,ENTRY
Carhartt WIP,S/S Script Embroidery T-Shirt,950.0,https://www.freshlabels.cz/en/products/carhartt-wip-ss-script-embroidery-t-shirt-c5036/,,,,-59.73,100.0,HIGH,queens,2026-04-08T01:18:26.117394+00:00,Carhartt WIP S/S Royce Shirt,2359.0,https://www.queens.cz/cs/panske-kosile/503932-carhartt-wip-s-s-royce-shirt-royce-stripe-icaria-white.html,ENTRY
Carhartt WIP,S/S Script Embroidery T-Shirt,950.0,https://www.freshlabels.cz/en/products/carhartt-wip-ss-script-embroidery-t-shirt-c5037/,,,,-59.73,100.0,HIGH,queens,2026-04-08T01:18:26.117394+00:00,Carhartt WIP S/S Royce Shirt,2359.0,https://www.queens.cz/cs/panske-kosile/503932-carhartt-wip-s-s-royce-shirt-royce-stripe-icaria-white.html,ENTRY
Carhartt WIP,S/S Script Embroidery T-Shirt,950.0,https://www.freshlabels.cz/en/products/carhartt-wip-ss-script-embroidery-t-shirt-c5035/,,,,-59.73,100.0,HIGH,queens,2026-04-08T01:18:26.117394+00:00,Carhartt WIP S/S Royce Shirt,2359.0,https://www.queens.cz/cs/panske-kosile/503932-carhartt-wip-s-s-royce-shirt-royce-stripe-icaria-white.html,ENTRY
Carhartt WIP,S/S Pocket T-Shirt,950.0,https://www.freshlabels.cz/en/products/carhartt-wip-ss-pocket-t-shirt-c5034/,,,,-59.73,100.0,HIGH,queens,2026-04-08T01:18:26.117394+00:00,Carhartt WIP S/S Royce Shirt,2359.0,https://www.queens.cz/cs/panske-kosile/503932-carhartt-wip-s-s-royce-shirt-royce-stripe-icaria-white.html,ENTRY
Carhartt WIP,W' S/S Chase T-Shirt,1190.0,https://www.freshlabels.cz/en/products/carhartt-wip-w-ss-chase-t-shirt-c4135/,,,,-17.93,100.0,HIGH,queens,2026-04-08T01:18:26.117394+00:00,Carhartt WIP W' S/S Spoiled T-Shirt,1450.0,https://www.queens.cz/cs/damska-tricka/489337-carhartt-wip-w-s-s-spoiled-t-shirt-black.html,ENTRY
Carhartt WIP,W' S/S Pocket Heart T-Shirt,990.0,https://www.freshlabels.cz/en/products/carhartt-wip-w-ss-pocket-heart-t-shirt-c5005/,,,,-31.72,100.0,HIGH,queens,2026-04-08T01:18:26.117394+00:00,Carhartt WIP W' S/S Spoiled T-Shirt,1450.0,https://www.queens.cz/cs/damska-tricka/489337-carhartt-wip-w-s-s-spoiled-t-shirt-black.html,ENTRY
Carhartt WIP,S/S Pocket T-Shirt,950.0,https://www.freshlabels.cz/en/products/carhartt-wip-ss-pocket-t-shirt-c5028/,,,,-59.73,100.0,HIGH,queens,2026-04-08T01:18:26.117394+00:00,Carhartt WIP S/S Royce Shirt,2359.0,https://www.queens.cz/cs/panske-kosile/503932-carhartt-wip-s-s-royce-shirt-royce-stripe-icaria-white.html,ENTRY
Carhartt WIP,S/S Pocket T-Shirt,950.0,https://www.freshlabels.cz/en/products/carhartt-wip-ss-pocket-t-shirt-c5031/,,,,-59.73,100.0,HIGH,queens,2026-04-08T01:18:26.117394+00:00,Carhartt WIP S/S Royce Shirt,2359.0,https://www.queens.cz/cs/panske-kosile/503932-carhartt-wip-s-s-royce-shirt-royce-stripe-icaria-white.html,ENTRY
Carhartt WIP,S/S Pocket T-Shirt,950.0,https://www.freshlabels.cz/en/products/carhartt-wip-ss-pocket-t-shirt-c5032/,,,,-59.73,100.0,HIGH,queens,2026-04-08T01:18:26.117394+00:00,Carhartt WIP S/S Royce Shirt,2359.0,https://www.queens.cz/cs/panske-kosile/503932-carhartt-wip-s-s-royce-shirt-royce-stripe-icaria-white.html,ENTRY
Carhartt WIP,S/S Pocket T-Shirt,950.0,https://www.freshlabels.cz/en/products/carhartt-wip-ss-pocket-t-shirt-c5033/,,,,-59.73,100.0,HIGH,queens,2026-04-08T01:18:26.117394+00:00,Carhartt WIP S/S Royce Shirt,2359.0,https://www.queens.cz/cs/panske-kosile/503932-carhartt-wip-s-s-royce-shirt-royce-stripe-icaria-white.html,ENTRY
Carhartt WIP,S/S Chase T-Shirt,990.0,https://www.freshlabels.cz/en/products/carhartt-wip-ss-chase-t-shirt-c1683/,,,,-58.03,100.0,HIGH,queens,2026-04-08T01:18:26.117394+00:00,Carhartt WIP S/S Royce Shirt,2359.0,https://www.queens.cz/cs/panske-kosile/503932-carhartt-wip-s-s-royce-shirt-royce-stripe-icaria-white.html,ENTRY
Carhartt WIP,W' S/S Michigan Shirt,2350.0,https://www.freshlabels.cz/en/products/carhartt-wip-w-ss-michigan-shirt-c5071/,,,,62.07,100.0,HIGH,queens,2026-04-08T01:18:26.117394+00:00,Carhartt WIP W' S/S Spoiled T-Shirt,1450.0,https://www.queens.cz/cs/damska-tricka/489337-carhartt-wip-w-s-s-spoiled-t-shirt-black.html,ENTRY
Carhartt WIP,W' S/S Chester T-Shirt,990.0,https://www.freshlabels.cz/en/products/carhartt-wip-w-ss-chester-t-shirt-c5064/,,,,-31.72,100.0,HIGH,queens,2026-04-08T01:18:26.117394+00:00,Carhartt WIP W' S/S Spoiled T-Shirt,1450.0,https://www.queens.cz/cs/damska-tricka/489337-carhartt-wip-w-s-s-spoiled-t-shirt-black.html,ENTRY
Carhartt WIP,S/S Impact T-Shirt,1190.0,https://www.freshlabels.cz/en/products/carhartt-wip-ss-impact-t-shirt-c5062/,,,,-49.55,100.0,HIGH,queens,2026-04-08T01:18:26.117394+00:00,Carhartt WIP S/S Royce Shirt,2359.0,https://www.queens.cz/cs/panske-kosile/503932-carhartt-wip-s-s-royce-shirt-royce-stripe-icaria-white.html,ENTRY
Carhartt WIP,W' S/S Chester T-Shirt,890.0,https://www.freshlabels.cz/en/products/carhartt-wip-w-ss-chester-t-shirt-c3224/,,,,-38.62,100.0,HIGH,queens,2026-04-08T01:18:26.117394+00:00,Carhartt WIP W' S/S Spoiled T-Shirt,1450.0,https://www.queens.cz/cs/damska-tricka/489337-carhartt-wip-w-s-s-spoiled-t-shirt-black.html,ENTRY
Carhartt WIP,S/S Harlequin BBQ T-Shirt,1290.0,https://www.freshlabels.cz/en/products/carhartt-wip-ss-harlequin-bbq-t-shirt-c4943/,,,,-45.32,100.0,HIGH,queens,2026-04-08T01:18:26.117394+00:00,Carhartt WIP S/S Royce Shirt,2359.0,https://www.queens.cz/cs/panske-kosile/503932-carhartt-wip-s-s-royce-shirt-royce-stripe-icaria-white.html,ENTRY
Carhartt WIP,S/S Sean Hamilton 01 T-Shirt,1850.0,https://www.freshlabels.cz/en/products/carhartt-wip-ss-sean-hamilton-01-t-shirt-c5136/,,,,-21.58,100.0,HIGH,queens,2026-04-08T01:18:26.117394+00:00,Carhartt WIP S/S Royce Shirt,2359.0,https://www.queens.cz/cs/panske-kosile/503932-carhartt-wip-s-s-royce-shirt-royce-stripe-icaria-white.html,ENTRY
Carhartt WIP,Postal Jacket,4190.0,https://www.freshlabels.cz/en/products/carhartt-wip-postal-jacket-c5087/,,,,6.08,92.85714285714286,HIGH,queens,2026-04-08T01:18:26.117394+00:00,Carhartt WIP W' Postal Jacket,3950.0,https://www.queens.cz/cs/damske-bundy/489376-carhartt-wip-w-postal-jacket-black-wax.html,ENTRY
Carhartt WIP,S/S Warm Views T-Shirt,1550.0,https://www.freshlabels.cz/en/products/carhartt-wip-ss-warm-views-t-shirt-c5131/,,,,-34.29,100.0,HIGH,queens,2026-04-08T01:18:26.117394+00:00,Carhartt WIP S/S Royce Shirt,2359.0,https://www.queens.cz/cs/panske-kosile/503932-carhartt-wip-s-s-royce-shirt-royce-stripe-icaria-white.html,ENTRY
Carhartt WIP,W' S/S Chester T-Shirt,990.0,https://www.freshlabels.cz/en/products/carhartt-wip-w-ss-chester-t-shirt-c5065/,,,,-31.72,100.0,HIGH,queens,2026-04-08T01:18:26.117394+00:00,Carhartt WIP W' S/S Spoiled T-Shirt,1450.0,https://www.queens.cz/cs/damska-tricka/489337-carhartt-wip-w-s-s-spoiled-t-shirt-black.html,ENTRY
Carhartt WIP,S/S Spirals T-Shirt,1290.0,https://www.freshlabels.cz/en/products/carhartt-wip-ss-spirals-t-shirt-c5072/,,,,-45.32,100.0,HIGH,queens,2026-04-08T01:18:26.117394+00:00,Carhartt WIP S/S Royce Shirt,2359.0,https://www.queens.cz/cs/panske-kosile/503932-carhartt-wip-s-s-royce-shirt-royce-stripe-icaria-white.html,ENTRY
Carhartt WIP,W' S/S Spoiled T-Shirt,1450.0,https://www.freshlabels.cz/en/products/carhartt-wip-w-ss-spoiled-t-shirt-c5077/,,,,0.0,100.0,HIGH,queens,2026-04-08T01:18:26.117394+00:00,Carhartt WIP W' S/S Spoiled T-Shirt,1450.0,https://www.queens.cz/cs/damska-tricka/489337-carhartt-wip-w-s-s-spoiled-t-shirt-black.html,ENTRY
Carhartt WIP,W' S/S Nelson T-Shirt,1190.0,https://www.freshlabels.cz/en/products/carhartt-wip-w-ss-nelson-t-shirt-c5081/,,,,-17.93,100.0,HIGH,queens,2026-04-08T01:18:26.117394+00:00,Carhartt WIP W' S/S Spoiled T-Shirt,1450.0,https://www.queens.cz/cs/damska-tricka/489337-carhartt-wip-w-s-s-spoiled-t-shirt-black.html,ENTRY
Carhartt WIP,W' S/S Nelson T-Shirt,1190.0,https://www.freshlabels.cz/en/products/carhartt-wip-w-ss-nelson-t-shirt-c5082/,,,,-17.93,100.0,HIGH,queens,2026-04-08T01:18:26.117394+00:00,Carhartt WIP W' S/S Spoiled T-Shirt,1450.0,https://www.queens.cz/cs/damska-tricka/489337-carhartt-wip-w-s-s-spoiled-t-shirt-black.html,ENTRY
Carhartt WIP,S/S Eightynine T-Shirt,1290.0,https://www.freshlabels.cz/en/products/carhartt-wip-ss-eightynine-t-shirt-c5090/,,,,-45.32,100.0,HIGH,queens,2026-04-08T01:18:26.117394+00:00,Carhartt WIP S/S Royce Shirt,2359.0,https://www.queens.cz/cs/panske-kosile/503932-carhartt-wip-s-s-royce-shirt-royce-stripe-icaria-white.html,ENTRY
Carhartt WIP,S/S Eightynine T-Shirt,1290.0,https://www.freshlabels.cz/en/products/carhartt-wip-ss-eightynine-t-shirt-c5091/,,,,-45.32,100.0,HIGH,queens,2026-04-08T01:18:26.117394+00:00,Carhartt WIP S/S Royce Shirt,2359.0,https://www.queens.cz/cs/panske-kosile/503932-carhartt-wip-s-s-royce-shirt-royce-stripe-icaria-white.html,ENTRY
Carhartt WIP,S/S Eightynine T-Shirt,1290.0,https://www.freshlabels.cz/en/products/carhartt-wip-ss-eightynine-t-shirt-c5092/,,,,-45.32,100.0,HIGH,queens,2026-04-08T01:18:26.117394+00:00,Carhartt WIP S/S Royce Shirt,2359.0,https://www.queens.cz/cs/panske-kosile/503932-carhartt-wip-s-s-royce-shirt-royce-stripe-icaria-white.html,ENTRY
Carhartt WIP,S/S Barbwire C T-Shirt,1190.0,https://www.freshlabels.cz/en/products/carhartt-wip-ss-barbwire-c-t-shirt-c5095/,,,,-49.55,100.0,HIGH,queens,2026-04-08T01:18:26.117394+00:00,Carhartt WIP S/S Royce Shirt,2359.0,https://www.queens.cz/cs/panske-kosile/503932-carhartt-wip-s-s-royce-shirt-royce-stripe-icaria-white.html,ENTRY
Carhartt WIP,S/S Harlequin BBQ T-Shirt,1290.0,https://www.freshlabels.cz/en/products/carhartt-wip-ss-harlequin-bbq-t-shirt-c5096/,,,,-45.32,100.0,HIGH,queens,2026-04-08T01:18:26.117394+00:00,Carhartt WIP S/S Royce Shirt,2359.0,https://www.queens.cz/cs/panske-kosile/503932-carhartt-wip-s-s-royce-shirt-royce-stripe-icaria-white.html,ENTRY
Carhartt WIP,Postal Jacket,4190.0,https://www.freshlabels.cz/en/products/carhartt-wip-postal-jacket-c5088/,,,,6.08,92.85714285714286,HIGH,queens,2026-04-08T01:18:26.117394+00:00,Carhartt WIP W' Postal Jacket,3950.0,https://www.queens.cz/cs/damske-bundy/489376-carhartt-wip-w-postal-jacket-black-wax.html,ENTRY
Carhartt WIP,W' S/S Benton T-Shirt,1450.0,https://www.freshlabels.cz/en/products/carhartt-wip-w-ss-benton-t-shirt-c5085/,,,,0.0,100.0,HIGH,queens,2026-04-08T01:18:26.117394+00:00,Carhartt WIP W' S/S Spoiled T-Shirt,1450.0,https://www.queens.cz/cs/damska-tricka/489337-carhartt-wip-w-s-s-spoiled-t-shirt-black.html,ENTRY
Carhartt WIP,S/S Cloud Heart T-Shirt,1290.0,https://www.freshlabels.cz/en/products/carhartt-wip-ss-cloud-heart-t-shirt-c5125/,,,,-45.32,100.0,HIGH,queens,2026-04-08T01:18:26.117394+00:00,Carhartt WIP S/S Royce Shirt,2359.0,https://www.queens.cz/cs/panske-kosile/503932-carhartt-wip-s-s-royce-shirt-royce-stripe-icaria-white.html,ENTRY
Carhartt WIP,S/S Chase T-Shirt,990.0,https://www.freshlabels.cz/en/products/carhartt-wip-ss-chase-t-shirt-c1684/,,,,-58.03,100.0,HIGH,queens,2026-04-08T01:18:26.117394+00:00,Carhartt WIP S/S Royce Shirt,2359.0,https://www.queens.cz/cs/panske-kosile/503932-carhartt-wip-s-s-royce-shirt-royce-stripe-icaria-white.html,ENTRY
Carhartt WIP,S/S Warm Views T-Shirt,1550.0,https://www.freshlabels.cz/en/products/carhartt-wip-ss-warm-views-t-shirt-c5130/,,,,-34.29,100.0,HIGH,queens,2026-04-08T01:18:26.117394+00:00,Carhartt WIP S/S Royce Shirt,2359.0,https://www.queens.cz/cs/panske-kosile/503932-carhartt-wip-s-s-royce-shirt-royce-stripe-icaria-white.html,ENTRY
Carhartt WIP,S/S Script Embroidery T-Shirt,950.0,https://www.freshlabels.cz/en/products/carhartt-wip-ss-script-embroidery-t-shirt-c2958/,,,,-59.73,100.0,HIGH,queens,2026-04-08T01:18:26.117394+00:00,Carhartt WIP S/S Royce Shirt,2359.0,https://www.queens.cz/cs/panske-kosile/503932-carhartt-wip-s-s-royce-shirt-royce-stripe-icaria-white.html,ENTRY
Carhartt WIP,S/S Pocket T-Shirt,950.0,https://www.freshlabels.cz/en/products/carhartt-wip-ss-pocket-t-shirt-c2956/,,,,-59.73,100.0,HIGH,queens,2026-04-08T01:18:26.117394+00:00,Carhartt WIP S/S Royce Shirt,2359.0,https://www.queens.cz/cs/panske-kosile/503932-carhartt-wip-s-s-royce-shirt-royce-stripe-icaria-white.html,ENTRY
Carhartt WIP,W' S/S Ringer T-Shirt,990.0,https://www.freshlabels.cz/en/products/carhartt-wip-w-ss-ringer-t-shirt-c5129/,,,,-31.72,100.0,HIGH,queens,2026-04-08T01:18:26.117394+00:00,Carhartt WIP W' S/S Spoiled T-Shirt,1450.0,https://www.queens.cz/cs/damska-tricka/489337-carhartt-wip-w-s-s-spoiled-t-shirt-black.html,ENTRY
Carhartt WIP,S/S Base T-Shirt,790.0,https://www.freshlabels.cz/en/products/carhartt-wip-ss-base-t-shirt-c2042/,,,,-66.51,100.0,HIGH,queens,2026-04-08T01:18:26.117394+00:00,Carhartt WIP S/S Royce Shirt,2359.0,https://www.queens.cz/cs/panske-kosile/503932-carhartt-wip-s-s-royce-shirt-royce-stripe-icaria-white.html,ENTRY
Dickies,Duck Canvas Cross Body,990.0,https://www.freshlabels.cz/en/products/dickies-duck-canvas-cross-body-di433/,,,,3.23,84.61538461538461,MEDIUM,queens,2026-04-08T01:18:49.601741+00:00,Dickies Duck Canvas Cross Body Bum Bag ,959.0,https://www.queens.cz/cs/ledvinky/240244-dickies-duck-canvas-cross-body-bum-bag-black.html,ENTRY
Dickies,Valley Grove,490.0,https://www.freshlabels.cz/en/products/dickies-valley-grove-di430/,,,,-1.8,82.75862068965517,MEDIUM,queens,2026-04-08T01:18:49.601741+00:00,Dickies Valley Grove Sock,499.0,https://www.queens.cz/cs/panske-ponozky/460510-dickies-valley-grove-sock-wood-ash.html,ENTRY
Dickies,874 Work Pant Rec,1890.0,https://www.freshlabels.cz/en/products/dickies-874-work-pant-rec-di467/,,,,5.06,84.84848484848484,MEDIUM,queens,2026-04-08T01:18:49.601741+00:00,Dickies W 874 Work Pants,1799.0,https://www.queens.cz/cs/dziny-a-kalhoty/309421-dickies-w-874-work-pants-military-khaki.html,ENTRY
Dickies,874 Work Pant Rec,1890.0,https://www.freshlabels.cz/en/products/dickies-874-work-pant-rec-di450/,,,,5.06,84.84848484848484,MEDIUM,queens,2026-04-08T01:18:49.601741+00:00,Dickies W 874 Work Pants,1799.0,https://www.queens.cz/cs/dziny-a-kalhoty/309421-dickies-w-874-work-pants-military-khaki.html,ENTRY
Dickies,874 Work Pant Rec,1890.0,https://www.freshlabels.cz/en/products/dickies-874-work-pant-rec-di349/,,,,5.06,84.84848484848484,MEDIUM,queens,2026-04-08T01:18:49.601741+00:00,Dickies W 874 Work Pants,1799.0,https://www.queens.cz/cs/dziny-a-kalhoty/309421-dickies-w-874-work-pants-military-khaki.html,ENTRY
Dickies,874 Work Pant Rec,1890.0,https://www.freshlabels.cz/en/products/dickies-874-work-pant-rec-di348/,,,,5.06,84.84848484848484,MEDIUM,queens,2026-04-08T01:18:49.601741+00:00,Dickies W 874 Work Pants,1799.0,https://www.queens.cz/cs/dziny-a-kalhoty/309421-dickies-w-874-work-pants-military-khaki.html,ENTRY
Dickies,874 Work Pant,1890.0,https://www.freshlabels.cz/en/products/dickies-874-work-pant-di429/,,,,5.06,89.65517241379311,MEDIUM,queens,2026-04-08T01:18:49.601741+00:00,Dickies W 874 Work Pants,1799.0,https://www.queens.cz/cs/dziny-a-kalhoty/309421-dickies-w-874-work-pants-military-khaki.html,ENTRY
Gramicci,Field Sacoche,1450.0,https://www.freshlabels.cz/en/products/gramicci-field-sacoche-gra257/,,,,-3.27,100.0,HIGH,queens,2026-04-08T01:19:09.847226+00:00,Gramicci Field Sacoche,1499.0,https://www.queens.cz/cs/panske-tasky-pres-rameno/510658-gramicci-field-sacoche-olive.html,LIFESTYLE_CORE
Gramicci,G-Short,1990.0,https://www.freshlabels.cz/en/products/gramicci-g-short-gra180/,,,,1.58,100.0,HIGH,queens,2026-04-08T01:19:09.847226+00:00,Gramicci G-Short,1959.0,https://www.queens.cz/cs/panske-kratasy/488581-gramicci-g-short-smokey-grey.html,LIFESTYLE_CORE
Gramicci,G-Short Pigment Dyed,2090.0,https://www.freshlabels.cz/en/products/gramicci-g-short-pigment-dyed-gra183/,,,,-0.43,100.0,HIGH,queens,2026-04-08T01:19:09.847226+00:00,Gramicci G-Short Pigment Dyed,2099.0,https://www.queens.cz/cs/panske-kratasy/488584-gramicci-g-short-pigment-dyed-sand-pigment.html,LIFESTYLE_CORE
Osprey,Arcane™ Extra Large Day,3090.0,https://www.freshlabels.cz/en/products/osprey-arcane-extra-large-day-os016/,,,,3.03,95.65217391304348,HIGH,queens,2026-04-08T01:19:42.247175+00:00,Osprey Arcane Extra Large Day,2999.0,https://www.queens.cz/cs/panske-batohy/417493-osprey-arcane-extra-large-day-black.html,PREMIUM
Osprey,Arcane™ Large Day,2990.0,https://www.freshlabels.cz/en/products/osprey-arcane-large-day-os017/,,,,-0.3,94.11764705882352,HIGH,queens,2026-04-08T01:19:42.247175+00:00,Osprey Arcane Large Day,2999.0,https://www.queens.cz/cs/panske-batohy/417511-osprey-arcane-large-day-black.html,PREMIUM
Osprey,Transporter™ 40,3790.0,https://www.freshlabels.cz/en/products/osprey-transporter-40-os029/,,,,-0.24,93.33333333333333,HIGH,queens,2026-04-08T01:19:42.247175+00:00,Osprey Transporter 40,3799.0,https://www.queens.cz/cs/tasky-pres-rameno/417928-osprey-transporter-40-pine-leaf-earl-grey.html,PREMIUM
Osprey,Transporter™ 40,3790.0,https://www.freshlabels.cz/en/products/osprey-transporter-40-os030/,,,,-0.24,93.33333333333333,HIGH,queens,2026-04-08T01:19:42.247175+00:00,Osprey Transporter 40,3799.0,https://www.queens.cz/cs/tasky-pres-rameno/417928-osprey-transporter-40-pine-leaf-earl-grey.html,PREMIUM
Osprey,Transporter™ 65,4290.0,https://www.freshlabels.cz/en/products/osprey-transporter-65-os032/,,,,-0.21,93.33333333333333,HIGH,queens,2026-04-08T01:19:42.247175+00:00,Osprey Transporter 65,4299.0,https://www.queens.cz/cs/tasky-pres-rameno/417907-osprey-transporter-65-blue-flame-scoria-blue.html,PREMIUM
