product_name,brand,price_czk,discounted_price_czk,is_discounted,discount_pct,url,competitor,scraped_at
AEVOR Rollpack Proof ,Aevor,2959.0,,False,,https://www.queens.cz/cs/batohy/191800-aevor-rollpack-proof-black.html,queens,2026-04-08T01:17:56.276650+00:00
AEVOR Sacoche Bag ,Aevor,990.0,,False,,https://www.queens.cz/cs/tasky-pres-rameno/191836-aevor-sacoche-bag-ripstop-sundown.html,queens,2026-04-08T01:17:56.276650+00:00
AEVOR Trip Pack Proof ,Aevor,3499.0,,False,,https://www.queens.cz/cs/batohy/97640-aevor-trip-pack-proof-black.html,queens,2026-04-08T01:17:56.276650+00:00
AEVOR Frontpack,Aevor,759.0,,False,,https://www.queens.cz/cs/ledvinky/325534-aevor-frontpack-ripstop-black.html,queens,2026-04-08T01:17:56.276650+00:00
AEVOR Sacoche Bag ,Aevor,1150.0,,False,,https://www.queens.cz/cs/tasky-pres-rameno/191827-aevor-sacoche-bag-diamond-scorpion.html,queens,2026-04-08T01:17:56.276650+00:00
AEVOR Sacoche Bag ,Aevor,990.0,,False,,https://www.queens.cz/cs/tasky-pres-rameno/191833-aevor-sacoche-bag-ripstop-black.html,queens,2026-04-08T01:17:56.276650+00:00
AEVOR Daypack Proof Backpack ,Aevor,2830.0,,False,,https://www.queens.cz/cs/batohy/110437-aevor-daypack-proof-backpack-proof-black.html,queens,2026-04-08T01:17:56.276650+00:00
Birkenstock Arizona Eva,Birkenstock,1350.0,,False,,https://www.queens.cz/cs/damske-tenisky-a-boty/80796-birkenstock-arizona-eva-black.html,queens,2026-04-08T01:18:06.272967+00:00
Birkenstock Arizona Big Buckle Birkibuc Women,Birkenstock,2959.0,,False,,https://www.queens.cz/cs/damske-tenisky-a-boty/471586-birkenstock-arizona-big-buckle-birkibuc-women-mocca.html,queens,2026-04-08T01:18:06.272967+00:00
Birkenstock Boston Soft Footbed Velvet Leather,Birkenstock,3999.0,,False,,https://www.queens.cz/cs/panske-tenisky-a-boty/171904-birkenstock-boston-soft-footbed-velvet-leather-taupe.html,queens,2026-04-08T01:18:06.272967+00:00
Birkenstock Madrid Big Buckle Nubuk Leather,Birkenstock,3025.0,2419.0,True,20.0,https://www.queens.cz/cs/damske-tenisky-a-boty/417196-birkenstock-madrid-big-buckle-nubuk-leather-black.html,queens,2026-04-08T01:18:06.272967+00:00
Birkenstock Arizona Big Buckle Birkibuc Women,Birkenstock,2959.0,,False,,https://www.queens.cz/cs/damske-tenisky-a-boty/471550-birkenstock-arizona-big-buckle-birkibuc-women-light-rose.html,queens,2026-04-08T01:18:06.272967+00:00
Birkenstock Boston BS Suede Leather,Birkenstock,3799.0,,False,,https://www.queens.cz/cs/damske-tenisky-a-boty/451318-birkenstock-boston-bs-suede-leather-sandcastle.html,queens,2026-04-08T01:18:06.272967+00:00
Birkenstock Madrid Big Buckle Natural Leather Patent Women,Birkenstock,3459.0,,False,,https://www.queens.cz/cs/damske-tenisky-a-boty/471568-birkenstock-madrid-big-buckle-natural-leather-patent-women-high-shine-fuchsia-tulip.html,queens,2026-04-08T01:18:06.272967+00:00
Birkenstock Florida Synthetik,Birkenstock,2380.0,1909.0,True,19.8,https://www.queens.cz/cs/damske-tenisky-a-boty/411742-birkenstock-florida-synthetik-sandcastle.html,queens,2026-04-08T01:18:06.272967+00:00
Birkenstock Arizona Big Buckle EVA,Birkenstock,1600.0,1439.0,True,10.1,https://www.queens.cz/cs/damske-tenisky-a-boty/417247-birkenstock-arizona-big-buckle-eva-black.html,queens,2026-04-08T01:18:06.272967+00:00
Birkenstock Arizona Rivets Suede Leather Women,Birkenstock,3699.0,,False,,https://www.queens.cz/cs/damske-tenisky-a-boty/471532-birkenstock-arizona-rivets-suede-leather-women-black.html,queens,2026-04-08T01:18:06.272967+00:00
Birkenstock Arizona Rivets Suede Leather Women,Birkenstock,3699.0,,False,,https://www.queens.cz/cs/damske-tenisky-a-boty/471526-birkenstock-arizona-rivets-suede-leather-women-taupe.html,queens,2026-04-08T01:18:06.272967+00:00
Birkenstock Madrid Big Buckle EVA Women,Birkenstock,1359.0,,False,,https://www.queens.cz/cs/damske-tenisky-a-boty/469606-birkenstock-madrid-big-buckle-eva-women-gray-taupe.html,queens,2026-04-08T01:18:06.272967+00:00
Birkenstock Boston Soft Footbed Suede Leather,Birkenstock,3999.0,,False,,https://www.queens.cz/cs/damske-tenisky-a-boty/451303-birkenstock-boston-soft-footbed-suede-leather-dark-tea-tonal-fb.html,queens,2026-04-08T01:18:06.272967+00:00
Birkenstock Arizona Birko-Flor Birkibuc,Birkenstock,2520.0,2019.0,True,19.9,https://www.queens.cz/cs/panske-tenisky-a-boty/411736-birkenstock-arizona-birko-flor-birkibuc-birkibuc-latte-cream.html,queens,2026-04-08T01:18:06.272967+00:00
Birkenstock Solana VL Suede Leather,Birkenstock,3199.0,,False,,https://www.queens.cz/cs/panske-tenisky-a-boty/469528-birkenstock-solana-vl-suede-leather-oyster.html,queens,2026-04-08T01:18:06.272967+00:00
Birkenstock Boston Soft Footbed Velvet,Birkenstock,3999.0,,False,,https://www.queens.cz/cs/panske-tenisky-a-boty/171907-birkenstock-boston-soft-footbed-velvet-taupe.html,queens,2026-04-08T01:18:06.272967+00:00
Birkenstock Arizona Natural Leather,Birkenstock,4535.0,3629.0,True,20.0,https://www.queens.cz/cs/damske-tenisky-a-boty/315748-birkenstock-arizona-natural-leather-black.html,queens,2026-04-08T01:18:06.272967+00:00
Birkenstock Arizona Essentials EVA Unisex,Birkenstock,1359.0,,False,,https://www.queens.cz/cs/panske-tenisky-a-boty/469483-birkenstock-arizona-essentials-eva-unisex-pink-clay.html,queens,2026-04-08T01:18:06.272967+00:00
Birkenstock Madrid Big Buckle EVA,Birkenstock,1400.0,1189.0,True,15.1,https://www.queens.cz/cs/damske-tenisky-a-boty/417241-birkenstock-madrid-big-buckle-eva-eggshell.html,queens,2026-04-08T01:18:06.272967+00:00
Birkenstock Madrid Big Buckle Natural Leather Patent Women,Birkenstock,3459.0,,False,,https://www.queens.cz/cs/damske-tenisky-a-boty/471505-birkenstock-madrid-big-buckle-natural-leather-patent-women-high-shine-new-beige.html,queens,2026-04-08T01:18:06.272967+00:00
Birkenstock Arizona Suede Leather,Birkenstock,3025.0,,False,,https://www.queens.cz/cs/damske-tenisky-a-boty/411739-birkenstock-arizona-suede-leather-sandcastle.html,queens,2026-04-08T01:18:06.272967+00:00
Birkenstock Boston Natural Leather Oiled,Birkenstock,3799.0,,False,,https://www.queens.cz/cs/damske-tenisky-a-boty/411844-birkenstock-boston-natural-leather-oiled-tabacco-brown.html,queens,2026-04-08T01:18:06.272967+00:00
Birkenstock Gizeh Big Buckle Nubuck Leather Women,Birkenstock,3459.0,,False,,https://www.queens.cz/cs/damske-tenisky-a-boty/471502-birkenstock-gizeh-big-buckle-nubuck-leather-women-sandcastle.html,queens,2026-04-08T01:18:06.272967+00:00
Birkenstock Madrid EVA,Birkenstock,1150.0,,False,,https://www.queens.cz/cs/damske-tenisky-a-boty/79843-birkenstock-madrid-eva-black.html,queens,2026-04-08T01:18:06.272967+00:00
Blundstone 1615,Blundstone,4399.0,,False,,https://www.queens.cz/cs/panske-tenisky-a-boty/462178-blundstone-1615-daroli.html,queens,2026-04-08T01:18:16.021908+00:00
Blundstone 1911,Blundstone,4399.0,2639.0,True,40.0,https://www.queens.cz/cs/panske-tenisky-a-boty/462193-blundstone-1911-tobacco.html,queens,2026-04-08T01:18:16.021908+00:00
Blundstone 587,Blundstone,4999.0,3749.0,True,25.0,https://www.queens.cz/cs/panske-tenisky-a-boty/462310-blundstone-587-rustic-black.html,queens,2026-04-08T01:18:16.021908+00:00
Blundstone 561,Blundstone,4999.0,2999.0,True,40.0,https://www.queens.cz/cs/panske-tenisky-a-boty/462295-blundstone-561-sand.html,queens,2026-04-08T01:18:16.021908+00:00
Blundstone Renovating Cream - 50ml,Blundstone,259.0,,False,,https://www.queens.cz/cs/pece-o-boty/465112-blundstone-renovating-cream-50ml-brown.html,queens,2026-04-08T01:18:16.021908+00:00
Blundstone 1924,Blundstone,4799.0,4079.0,True,15.0,https://www.queens.cz/cs/damske-tenisky-a-boty/462202-blundstone-1924-black.html,queens,2026-04-08T01:18:16.021908+00:00
Blundstone Polishing Pad,Blundstone,299.0,,False,,https://www.queens.cz/cs/pece-o-boty/465106-blundstone-polishing-pad-neutral.html,queens,2026-04-08T01:18:16.021908+00:00
Blundstone 500,Blundstone,4759.0,4289.0,True,9.9,https://www.queens.cz/cs/panske-tenisky-a-boty/462283-blundstone-500-brown.html,queens,2026-04-08T01:18:16.021908+00:00
Blundstone 585,Blundstone,4999.0,,False,,https://www.queens.cz/cs/panske-tenisky-a-boty/462307-blundstone-585-rustic-brown.html,queens,2026-04-08T01:18:16.021908+00:00
Blundstone 566,Blundstone,5299.0,4769.0,True,10.0,https://www.queens.cz/cs/panske-tenisky-a-boty/462298-blundstone-566-black.html,queens,2026-04-08T01:18:16.021908+00:00
Blundstone 1448,Blundstone,4999.0,4499.0,True,10.0,https://www.queens.cz/cs/damske-tenisky-a-boty/462160-blundstone-1448-black.html,queens,2026-04-08T01:18:16.021908+00:00
Blundstone 2130,Blundstone,4999.0,3749.0,True,25.0,https://www.queens.cz/cs/panske-tenisky-a-boty/462226-blundstone-2130-aura-burn.html,queens,2026-04-08T01:18:16.021908+00:00
Blundstone 2238,Blundstone,5299.0,4239.0,True,20.0,https://www.queens.cz/cs/panske-tenisky-a-boty/462235-blundstone-2238-rustic-black.html,queens,2026-04-08T01:18:16.021908+00:00
Blundstone 510,Blundstone,4759.0,4049.0,True,14.9,https://www.queens.cz/cs/panske-tenisky-a-boty/462286-blundstone-510-black.html,queens,2026-04-08T01:18:16.021908+00:00
Blundstone 2205,Blundstone,4999.0,3999.0,True,20.0,https://www.queens.cz/cs/damske-tenisky-a-boty/462229-blundstone-2205-brown.html,queens,2026-04-08T01:18:16.021908+00:00
Blundstone 1673,Blundstone,4999.0,3749.0,True,25.0,https://www.queens.cz/cs/damske-tenisky-a-boty/462187-blundstone-1673-brown.html,queens,2026-04-08T01:18:16.021908+00:00
Carhartt WIP Alumni Zip Wallet,Carhartt WIP,1199.0,599.0,True,50.0,https://www.queens.cz/cs/panske-penezenky/445633-carhartt-wip-alumni-zip-wallet-black-scarlet.html,queens,2026-04-08T01:18:26.117394+00:00
Carhartt WIP Canby Swim Trunks,Carhartt WIP,1759.0,,False,,https://www.queens.cz/cs/panske-plavky/503923-carhartt-wip-canby-swim-trunks-gentle-green-white.html,queens,2026-04-08T01:18:26.117394+00:00
Carhartt WIP Canvas Graphic Tote Large,Carhartt WIP,1250.0,569.0,True,54.5,https://www.queens.cz/cs/tasky-pres-rameno/401320-carhartt-wip-canvas-graphic-tote-large-harttbreaker-print-wax.html,queens,2026-04-08T01:18:26.117394+00:00
Carhartt WIP Industry Zip Wallet,Carhartt WIP,890.0,399.0,True,55.2,https://www.queens.cz/cs/panske-penezenky/401326-carhartt-wip-industry-zip-wallet-lumo-orange.html,queens,2026-04-08T01:18:26.117394+00:00
Carhartt WIP S/S Royce Shirt,Carhartt WIP,2359.0,,False,,https://www.queens.cz/cs/panske-kosile/503932-carhartt-wip-s-s-royce-shirt-royce-stripe-icaria-white.html,queens,2026-04-08T01:18:26.117394+00:00
Carhartt WIP Pronto Cap,Carhartt WIP,1290.0,649.0,True,49.7,https://www.queens.cz/cs/ksiltovky/445654-carhartt-wip-pronto-cap-black.html,queens,2026-04-08T01:18:26.117394+00:00
Carhartt WIP W' Postal Jacket,Carhartt WIP,3950.0,,False,,https://www.queens.cz/cs/damske-bundy/489376-carhartt-wip-w-postal-jacket-black-wax.html,queens,2026-04-08T01:18:26.117394+00:00
Carhartt WIP W' Emery Skirt,Carhartt WIP,3199.0,1439.0,True,55.0,https://www.queens.cz/cs/sukne/445603-carhartt-wip-w-emery-skirt-black-chalk-wash.html,queens,2026-04-08T01:18:26.117394+00:00
Carhartt WIP Bowden Backpack,Carhartt WIP,3459.0,2429.0,True,29.8,https://www.queens.cz/cs/panske-batohy/445615-carhartt-wip-bowden-backpack-black.html,queens,2026-04-08T01:18:26.117394+00:00
Carhartt WIP W' S/S Spoiled T-Shirt,Carhartt WIP,1450.0,,False,,https://www.queens.cz/cs/damska-tricka/489337-carhartt-wip-w-s-s-spoiled-t-shirt-black.html,queens,2026-04-08T01:18:26.117394+00:00
Carhartt WIP W' Snake Nixon Double Knee Short,Carhartt WIP,3650.0,,False,,https://www.queens.cz/cs/damske-kratasy/489346-carhartt-wip-w-snake-nixon-double-knee-short-snake-camo-black.html,queens,2026-04-08T01:18:26.117394+00:00
Carhartt WIP Alumni Bucket Hat,Carhartt WIP,1859.0,929.0,True,50.0,https://www.queens.cz/cs/klobouky/445624-carhartt-wip-alumni-bucket-hat-black-scarlet.html,queens,2026-04-08T01:18:26.117394+00:00
Carhartt WIP Industry Zip Wallet,Carhartt WIP,890.0,449.0,True,49.6,https://www.queens.cz/cs/panske-penezenky/401329-carhartt-wip-industry-zip-wallet-black.html,queens,2026-04-08T01:18:26.117394+00:00
Carhartt WIP Clapton Wallet,Carhartt WIP,990.0,499.0,True,49.6,https://www.queens.cz/cs/panske-penezenky/401311-carhartt-wip-clapton-wallet-black.html,queens,2026-04-08T01:18:26.117394+00:00
Carhartt WIP W' Brandon Short,Carhartt WIP,2899.0,,False,,https://www.queens.cz/cs/damske-kratasy/503950-carhartt-wip-w-brandon-short-cozy-purple-chalk-wash.html,queens,2026-04-08T01:18:26.117394+00:00
Carhartt WIP Bowden Bucket Hat,Carhartt WIP,1599.0,799.0,True,50.0,https://www.queens.cz/cs/klobouky/445618-carhartt-wip-bowden-bucket-hat-black.html,queens,2026-04-08T01:18:26.117394+00:00
Carhartt WIP W' Brandon Double Knee Pant,Carhartt WIP,3890.0,1949.0,True,49.9,https://www.queens.cz/cs/damske-kalhoty/445561-carhartt-wip-w-brandon-double-knee-pant-black-chalk-wash.html,queens,2026-04-08T01:18:26.117394+00:00
Carhartt WIP Bowden Shoulder Bag,Carhartt WIP,1859.0,1029.0,True,44.6,https://www.queens.cz/cs/tasky-pres-rameno/445627-carhartt-wip-bowden-shoulder-bag-black.html,queens,2026-04-08T01:18:26.117394+00:00
Carhartt WIP Alumni Beanie,Carhartt WIP,1199.0,599.0,True,50.0,https://www.queens.cz/cs/panske-cepice/445612-carhartt-wip-alumni-beanie-black.html,queens,2026-04-08T01:18:26.117394+00:00
Carhartt WIP W' Brandon Short,Carhartt WIP,2899.0,,False,,https://www.queens.cz/cs/damske-kratasy/503953-carhartt-wip-w-brandon-short-black-chalk-wash.html,queens,2026-04-08T01:18:26.117394+00:00
Carhartt WIP Alumni Liner UNISEX,Carhartt WIP,4799.0,2399.0,True,50.0,https://www.queens.cz/cs/panske-bundy/445498-carhartt-wip-alumni-liner-unisex-black.html,queens,2026-04-08T01:18:26.117394+00:00
Carhartt WIP W' Toland Short,Carhartt WIP,2459.0,1479.0,True,39.9,https://www.queens.cz/cs/damske-kratasy/445591-carhartt-wip-w-toland-short-toland-stripe-black.html,queens,2026-04-08T01:18:26.117394+00:00
Carhartt WIP W' Belmar Jacket,Carhartt WIP,3959.0,,False,,https://www.queens.cz/cs/damske-bundy/503941-carhartt-wip-w-belmar-jacket-black-rinsed.html,queens,2026-04-08T01:18:26.117394+00:00
Carhartt WIP Alumni Tote Bag,Carhartt WIP,4299.0,2579.0,True,40.0,https://www.queens.cz/cs/tasky-pres-rameno/445645-carhartt-wip-alumni-tote-bag-black-scarlet.html,queens,2026-04-08T01:18:26.117394+00:00
Cariuma W Toca,Cariuma,3399.0,1359.0,True,60.0,https://www.queens.cz/cs/damske-tenisky-a-boty/461872-cariuma-w-toca-leopard-print.html,queens,2026-04-08T01:18:39.070967+00:00
Cariuma W Oca Low,Cariuma,3799.0,1519.0,True,60.0,https://www.queens.cz/cs/damske-tenisky-a-boty/413626-cariuma-w-oca-low-white.html,queens,2026-04-08T01:18:39.070967+00:00
Cariuma W OCA Low,Cariuma,2999.0,1199.0,True,60.0,https://www.queens.cz/cs/damske-tenisky-a-boty/427777-cariuma-w-oca-low-black-jaguar-print.html,queens,2026-04-08T01:18:39.070967+00:00
Cariuma W Oca Low,Cariuma,4390.0,1759.0,True,59.9,https://www.queens.cz/cs/damske-tenisky-a-boty/413602-cariuma-w-oca-low-snake-skin-print.html,queens,2026-04-08T01:18:39.070967+00:00
Cariuma W Oca Therma Low,Cariuma,4390.0,1759.0,True,59.9,https://www.queens.cz/cs/damske-tenisky-a-boty/461614-cariuma-w-oca-therma-low-white.html,queens,2026-04-08T01:18:39.070967+00:00
Cariuma W Salvas,Cariuma,3990.0,1599.0,True,59.9,https://www.queens.cz/cs/damske-tenisky-a-boty/413686-cariuma-w-salvas-white-icemetallic-gold.html,queens,2026-04-08T01:18:39.070967+00:00
Cariuma W Salvas,Cariuma,3799.0,1519.0,True,60.0,https://www.queens.cz/cs/damske-tenisky-a-boty/413638-cariuma-w-salvas-all-almond-milk-plaza-taupe.html,queens,2026-04-08T01:18:39.070967+00:00
Cariuma W Toca,Cariuma,3559.0,1609.0,True,54.8,https://www.queens.cz/cs/damske-tenisky-a-boty/413818-cariuma-w-toca-gum-white-plaza-taupe.html,queens,2026-04-08T01:18:39.070967+00:00
Cariuma W Oca Mary Jane,Cariuma,3799.0,1519.0,True,60.0,https://www.queens.cz/cs/damske-tenisky-a-boty/461632-cariuma-w-oca-mary-jane-black.html,queens,2026-04-08T01:18:39.070967+00:00
Cariuma W Salvas,Cariuma,3659.0,1649.0,True,54.9,https://www.queens.cz/cs/damske-tenisky-a-boty/461674-cariuma-w-salvas-white-leopard-print.html,queens,2026-04-08T01:18:39.070967+00:00
Cariuma W Oca Mary Jane,Cariuma,2959.0,1339.0,True,54.7,https://www.queens.cz/cs/damske-tenisky-a-boty/461620-cariuma-w-oca-mary-jane-leopard-print.html,queens,2026-04-08T01:18:39.070967+00:00
Cariuma M Oca Therma Low,Cariuma,4390.0,1759.0,True,59.9,https://www.queens.cz/cs/panske-tenisky-a-boty/461611-cariuma-m-oca-therma-low-white.html,queens,2026-04-08T01:18:39.070967+00:00
Cariuma W TOCA,Cariuma,3990.0,1599.0,True,59.9,https://www.queens.cz/cs/damske-tenisky-a-boty/427900-cariuma-w-toca-off-white-vintage-metallic-gold.html,queens,2026-04-08T01:18:39.070967+00:00
Cariuma W Salvas,Cariuma,3990.0,1599.0,True,59.9,https://www.queens.cz/cs/damske-tenisky-a-boty/413674-cariuma-w-salvas-white-snake-skin-print.html,queens,2026-04-08T01:18:39.070967+00:00
Cariuma M Toca,Cariuma,3799.0,1709.0,True,55.0,https://www.queens.cz/cs/panske-tenisky-a-boty/461875-cariuma-m-toca-white.html,queens,2026-04-08T01:18:39.070967+00:00
Cariuma W Slip-On,Cariuma,3790.0,1709.0,True,54.9,https://www.queens.cz/cs/damske-tenisky-a-boty/413782-cariuma-w-slip-on-white.html,queens,2026-04-08T01:18:39.070967+00:00
Cariuma W Salvas,Cariuma,3799.0,1519.0,True,60.0,https://www.queens.cz/cs/damske-tenisky-a-boty/413704-cariuma-w-salvas-white-ice.html,queens,2026-04-08T01:18:39.070967+00:00
Cariuma W Oca Low,Cariuma,3790.0,1519.0,True,59.9,https://www.queens.cz/cs/damske-tenisky-a-boty/413632-cariuma-w-oca-low-white.html,queens,2026-04-08T01:18:39.070967+00:00
Cariuma W Slip-On,Cariuma,3559.0,1609.0,True,54.8,https://www.queens.cz/cs/damske-tenisky-a-boty/413746-cariuma-w-slip-on-black.html,queens,2026-04-08T01:18:39.070967+00:00
Cariuma W Toca,Cariuma,3799.0,1709.0,True,55.0,https://www.queens.cz/cs/damske-tenisky-a-boty/461878-cariuma-w-toca-white.html,queens,2026-04-08T01:18:39.070967+00:00
Cariuma M Oca Low,Cariuma,3799.0,1709.0,True,55.0,https://www.queens.cz/cs/panske-tenisky-a-boty/461455-cariuma-m-oca-low-black.html,queens,2026-04-08T01:18:39.070967+00:00
Cariuma W Vallely,Cariuma,3790.0,1519.0,True,59.9,https://www.queens.cz/cs/damske-tenisky-a-boty/413968-cariuma-w-vallely-white-blush-pink.html,queens,2026-04-08T01:18:39.070967+00:00
Cariuma W Salvas,Cariuma,3399.0,1529.0,True,55.0,https://www.queens.cz/cs/damske-tenisky-a-boty/413680-cariuma-w-salvas-white.html,queens,2026-04-08T01:18:39.070967+00:00
Cariuma M Oca Therma High,Cariuma,4390.0,1759.0,True,59.9,https://www.queens.cz/cs/panske-tenisky-a-boty/461815-cariuma-m-oca-therma-high-all-teak.html,queens,2026-04-08T01:18:39.070967+00:00
Dickies Woodworth Beanie,Dickies,499.0,279.0,True,44.1,https://www.queens.cz/cs/panske-cepice/460501-dickies-woodworth-beanie-grey-melange.html,queens,2026-04-08T01:18:49.601741+00:00
Dickies Lightweight Denim Shirt Ls,Dickies,1959.0,,False,,https://www.queens.cz/cs/panske-kosile/493666-dickies-lightweight-denim-shirt-ls-khaki-tntd-blue.html,queens,2026-04-08T01:18:49.601741+00:00
Dickies W 874 Work Pants,Dickies,1799.0,899.0,True,50.0,https://www.queens.cz/cs/dziny-a-kalhoty/309421-dickies-w-874-work-pants-military-khaki.html,queens,2026-04-08T01:18:49.601741+00:00
Dickies Weekender Bag,Dickies,2459.0,1479.0,True,39.9,https://www.queens.cz/cs/tasky-pres-rameno/397330-dickies-weekender-bag-black.html,queens,2026-04-08T01:18:49.601741+00:00
Dickies Dickies Icon Ss Tee,Dickies,859.0,,False,,https://www.queens.cz/cs/panska-tricka/493639-dickies-dickies-icon-ss-tee-white.html,queens,2026-04-08T01:18:49.601741+00:00
Dickies Gibsland Beanie,Dickies,499.0,299.0,True,40.1,https://www.queens.cz/cs/panske-cepice/460498-dickies-gibsland-beanie-autumn-maple.html,queens,2026-04-08T01:18:49.601741+00:00
Dickies Denim Painter Jacket,Dickies,2699.0,,False,,https://www.queens.cz/cs/panske-bundy/493636-dickies-denim-painter-jacket-khaki-tinted-blue.html,queens,2026-04-08T01:18:49.601741+00:00
Dickies Woodworth Beanie,Dickies,499.0,299.0,True,40.1,https://www.queens.cz/cs/panske-cepice/460504-dickies-woodworth-beanie-andorra.html,queens,2026-04-08T01:18:49.601741+00:00
Dickies Gibsland Beanie,Dickies,499.0,329.0,True,34.1,https://www.queens.cz/cs/panske-cepice/460495-dickies-gibsland-beanie-ecru.html,queens,2026-04-08T01:18:49.601741+00:00
Dickies 954 Relaxed Straight Work Jeans,Dickies,2099.0,,False,,https://www.queens.cz/cs/panske-jeans/509662-dickies-954-relaxed-straight-work-jeans-dark-indigo.html,queens,2026-04-08T01:18:49.601741+00:00
Dickies Canvas Summer Vest,Dickies,2199.0,,False,,https://www.queens.cz/cs/panske-vesty/493660-dickies-canvas-summer-vest-desert-sand.html,queens,2026-04-08T01:18:49.601741+00:00
Dickies Woodworth Beanie,Dickies,499.0,329.0,True,34.1,https://www.queens.cz/cs/panske-cepice/460507-dickies-woodworth-beanie-military-green.html,queens,2026-04-08T01:18:49.601741+00:00
Dickies Kentwood Wallet ,Dickies,629.0,439.0,True,30.2,https://www.queens.cz/cs/panske-penezenky/334150-dickies-kentwood-wallet-khaki.html,queens,2026-04-08T01:18:49.601741+00:00
Dickies Valley Grove Sock,Dickies,499.0,399.0,True,20.0,https://www.queens.cz/cs/panske-ponozky/460510-dickies-valley-grove-sock-wood-ash.html,queens,2026-04-08T01:18:49.601741+00:00
Dickies Double Knee Canvas Carpen,Dickies,2359.0,,False,,https://www.queens.cz/cs/panske-jeans/509692-dickies-double-knee-canvas-carpen-black.html,queens,2026-04-08T01:18:49.601741+00:00
Dickies Essential Dad Cap,Dickies,729.0,589.0,True,19.2,https://www.queens.cz/cs/panske-ksiltovky/460555-dickies-essential-dad-cap-andorra.html,queens,2026-04-08T01:18:49.601741+00:00
Dickies Chickaloon Backpack ,Dickies,959.0,769.0,True,19.8,https://www.queens.cz/cs/batohy/240331-dickies-chickaloon-backpack-military-green.html,queens,2026-04-08T01:18:49.601741+00:00
Dickies Hardwick Cord Cap 2,Dickies,859.0,729.0,True,15.1,https://www.queens.cz/cs/panske-ksiltovky/460561-dickies-hardwick-cord-cap-2-khaki.html,queens,2026-04-08T01:18:49.601741+00:00
Dickies Duck Canvas Cross Body Bum Bag ,Dickies,959.0,819.0,True,14.6,https://www.queens.cz/cs/ledvinky/240244-dickies-duck-canvas-cross-body-bum-bag-black.html,queens,2026-04-08T01:18:49.601741+00:00
Dickies Pelican Rapids,Dickies,1359.0,,False,,https://www.queens.cz/cs/panske-kratasy/493516-dickies-pelican-rapids-desert-sand.html,queens,2026-04-08T01:18:49.601741+00:00
Dickies Hardwick Cord Cap 2,Dickies,859.0,729.0,True,15.1,https://www.queens.cz/cs/panske-ksiltovky/460558-dickies-hardwick-cord-cap-2-brown-duck.html,queens,2026-04-08T01:18:49.601741+00:00
Dickies Hardwick Cap ,Dickies,729.0,619.0,True,15.1,https://www.queens.cz/cs/panske-doplnky/460489-dickies-hardwick-cap-sea-spray.html,queens,2026-04-08T01:18:49.601741+00:00
Dickies M Unlined Eisenhower Jacket Rec,Dickies,2099.0,,False,,https://www.queens.cz/cs/panske-bundy/493546-dickies-m-unlined-eisenhower-jacket-rec-olive-green.html,queens,2026-04-08T01:18:49.601741+00:00
Dickies Corduroy Backpack,Dickies,1359.0,1159.0,True,14.7,https://www.queens.cz/cs/panske-batohy/460549-dickies-corduroy-backpack-black.html,queens,2026-04-08T01:18:49.601741+00:00
FURIOSA® Croissant Earrings,FURIOSA®,1199.0,1079.0,True,10.0,https://www.queens.cz/cs/nausnice/503320-furiosa-croissant-earrings-gold.html,queens,2026-04-08T01:19:00.089356+00:00
FURIOSA® Mini Hove Cuff,FURIOSA®,599.0,,False,,https://www.queens.cz/cs/nausnice/508249-furiosa-mini-hove-cuff-silver.html,queens,2026-04-08T01:19:00.089356+00:00
FURIOSA® Ring Crush Noir,FURIOSA®,1399.0,1189.0,True,15.0,https://www.queens.cz/cs/ostatni-doplnky/475897-furiosa-ring-crush-noir-18k-gold.html,queens,2026-04-08T01:19:00.089356+00:00
FURIOSA® Tennis Bracelet - Midnight,FURIOSA®,1299.0,1109.0,True,14.6,https://www.queens.cz/cs/ostatni-doplnky/475870-furiosa-tennis-bracelet-midnight-silver.html,queens,2026-04-08T01:19:00.089356+00:00
FURIOSA® Ring Crush Barbiecore,FURIOSA®,1399.0,1189.0,True,15.0,https://www.queens.cz/cs/ostatni-doplnky/475915-furiosa-ring-crush-barbiecore-18k-gold.html,queens,2026-04-08T01:19:00.089356+00:00
FURIOSA® Ring Crush Noir,FURIOSA®,1299.0,1109.0,True,14.6,https://www.queens.cz/cs/ostatni-doplnky/475906-furiosa-ring-crush-noir-silver.html,queens,2026-04-08T01:19:00.089356+00:00
FURIOSA® Loop Hoop Earrings,FURIOSA®,899.0,809.0,True,10.0,https://www.queens.cz/cs/nausnice/503584-furiosa-loop-hoop-earrings-silver.html,queens,2026-04-08T01:19:00.089356+00:00
FURIOSA® Tennis Bracelet - 17 cm,FURIOSA®,1299.0,1169.0,True,10.0,https://www.queens.cz/cs/naramky/460243-furiosa-tennis-bracelet-17-cm-silver.html,queens,2026-04-08T01:19:00.089356+00:00
FURIOSA® Starfish Necklace - 45+5 cm,FURIOSA®,1999.0,1799.0,True,10.0,https://www.queens.cz/cs/nahrdelniky/460345-furiosa-starfish-necklace-455-cm-silver.html,queens,2026-04-08T01:19:00.089356+00:00
FURIOSA® Bae Bracelet,FURIOSA®,1299.0,1169.0,True,10.0,https://www.queens.cz/cs/naramky/503581-furiosa-bae-bracelet-gold.html,queens,2026-04-08T01:19:00.089356+00:00
FURIOSA® Leah Earrings,FURIOSA®,1099.0,989.0,True,10.0,https://www.queens.cz/cs/nausnice/460165-furiosa-leah-earrings-silver.html,queens,2026-04-08T01:19:00.089356+00:00
FURIOSA® Starfish Necklace - 45+5 cm,FURIOSA®,1999.0,1799.0,True,10.0,https://www.queens.cz/cs/nahrdelniky/460342-furiosa-starfish-necklace-455-cm-gold.html,queens,2026-04-08T01:19:00.089356+00:00
FURIOSA® Small Hoop Earrings,FURIOSA®,1099.0,989.0,True,10.0,https://www.queens.cz/cs/nausnice/460177-furiosa-small-hoop-earrings-silver.html,queens,2026-04-08T01:19:00.089356+00:00
FURIOSA® Travis II Ring,FURIOSA®,1199.0,1079.0,True,10.0,https://www.queens.cz/cs/prsteny/503353-furiosa-travis-ii-ring-gold.html,queens,2026-04-08T01:19:00.089356+00:00
FURIOSA® Bae Bracelet,FURIOSA®,1199.0,1079.0,True,10.0,https://www.queens.cz/cs/naramky/460267-furiosa-bae-bracelet-silver.html,queens,2026-04-08T01:19:00.089356+00:00
FURIOSA® Pearl Siren Necklace - 39+5 cm,FURIOSA®,1799.0,1619.0,True,10.0,https://www.queens.cz/cs/nahrdelniky/460318-furiosa-pearl-siren-necklace-395-cm-gold.html,queens,2026-04-08T01:19:00.089356+00:00
FURIOSA® Paperclip Fire Chain - 40+5 cm,FURIOSA®,1199.0,1079.0,True,10.0,https://www.queens.cz/cs/nahrdelniky/460309-furiosa-paperclip-fire-chain-405-cm-silver.html,queens,2026-04-08T01:19:00.089356+00:00
FURIOSA® Starfish Earrings,FURIOSA®,1599.0,1439.0,True,10.0,https://www.queens.cz/cs/nausnice/460201-furiosa-starfish-earrings-silver.html,queens,2026-04-08T01:19:00.089356+00:00
FURIOSA® Nymph Bracelet,FURIOSA®,1299.0,1169.0,True,10.0,https://www.queens.cz/cs/naramky/460273-furiosa-nymph-bracelet-gold.html,queens,2026-04-08T01:19:00.089356+00:00
FURIOSA® Waves Ring,FURIOSA®,1199.0,1079.0,True,10.0,https://www.queens.cz/cs/prsteny/503356-furiosa-waves-ring-gold.html,queens,2026-04-08T01:19:00.089356+00:00
FURIOSA® Candy Cuff,FURIOSA®,899.0,,False,,https://www.queens.cz/cs/sperky/503317-furiosa-candy-cuff-silver.html,queens,2026-04-08T01:19:00.089356+00:00
FURIOSA® Urban Halo Bracelet,FURIOSA®,1499.0,,False,,https://www.queens.cz/cs/naramky/503311-furiosa-urban-halo-bracelet-gold.html,queens,2026-04-08T01:19:00.089356+00:00
FURIOSA® Urban Halo Bracelet,FURIOSA®,1399.0,,False,,https://www.queens.cz/cs/naramky/503314-furiosa-urban-halo-bracelet-silver.html,queens,2026-04-08T01:19:00.089356+00:00
FURIOSA® Croissant Earrings,FURIOSA®,1099.0,,False,,https://www.queens.cz/cs/nausnice/503323-furiosa-croissant-earrings-silver.html,queens,2026-04-08T01:19:00.089356+00:00
Gramicci Nylon Packable Explorer Tote,Gramicci,1659.0,919.0,True,44.6,https://www.queens.cz/cs/tasky-pres-rameno/423118-gramicci-nylon-packable-explorer-tote-dune.html,queens,2026-04-08T01:19:09.847226+00:00
Gramicci Multi Side Bag,Gramicci,1499.0,,False,,https://www.queens.cz/cs/panske-tasky-pres-rameno/510652-gramicci-multi-side-bag-olive.html,queens,2026-04-08T01:19:09.847226+00:00
Gramicci One Point Logo Tee UNISEX,Gramicci,1259.0,819.0,True,34.9,https://www.queens.cz/cs/panska-tricka/470911-gramicci-one-point-logo-tee-unisex-khaki.html,queens,2026-04-08T01:19:09.847226+00:00
Gramicci Double Walled Stainless Steel Mug,Gramicci,999.0,849.0,True,15.0,https://www.queens.cz/cs/ostatni-doplnky/488680-gramicci-double-walled-stainless-steel-mug-olive.html,queens,2026-04-08T01:19:09.847226+00:00
Gramicci Field Sacoche,Gramicci,1499.0,,False,,https://www.queens.cz/cs/panske-tasky-pres-rameno/510658-gramicci-field-sacoche-olive.html,queens,2026-04-08T01:19:09.847226+00:00
Gramicci Denim Gramicci Pant Straight Fit,Gramicci,2999.0,2549.0,True,15.0,https://www.queens.cz/cs/panske-kalhoty/488596-gramicci-denim-gramicci-pant-straight-fit-rinsed-indigo.html,queens,2026-04-08T01:19:09.847226+00:00
Gramicci Multi Side Bag,Gramicci,1499.0,,False,,https://www.queens.cz/cs/panske-tasky-pres-rameno/510661-gramicci-multi-side-bag-orange.html,queens,2026-04-08T01:19:09.847226+00:00
Gramicci Japanese Chambray Double Knee,Gramicci,3999.0,3399.0,True,15.0,https://www.queens.cz/cs/panske-kalhoty/488629-gramicci-japanese-chambray-double-knee-navy.html,queens,2026-04-08T01:19:09.847226+00:00
Gramicci Nylon Gramicci Cap,Gramicci,1259.0,1069.0,True,15.1,https://www.queens.cz/cs/panske-ksiltovky/488638-gramicci-nylon-gramicci-cap-banana.html,queens,2026-04-08T01:19:09.847226+00:00
Gramicci Ultra-Light Shopper,Gramicci,759.0,,False,,https://www.queens.cz/cs/panske-tasky-pres-rameno/510655-gramicci-ultra-light-shopper-kiwi.html,queens,2026-04-08T01:19:09.847226+00:00
Gramicci Webbing Key Holder,Gramicci,379.0,349.0,True,7.9,https://www.queens.cz/cs/ostatni-doplnky/471070-gramicci-webbing-key-holder-navy.html,queens,2026-04-08T01:19:09.847226+00:00
Gramicci Guide Cap,Gramicci,1359.0,1159.0,True,14.7,https://www.queens.cz/cs/panske-ksiltovky/488647-gramicci-guide-cap-black.html,queens,2026-04-08T01:19:09.847226+00:00
Gramicci Lagoon Short Denim Plaid,Gramicci,2699.0,2299.0,True,14.8,https://www.queens.cz/cs/panske-kratasy/488683-gramicci-lagoon-short-denim-plaid-indigo-checkered-plaid.html,queens,2026-04-08T01:19:09.847226+00:00
Gramicci Trail Tote,Gramicci,2199.0,1979.0,True,10.0,https://www.queens.cz/cs/panske-tasky-pres-rameno/488671-gramicci-trail-tote-black.html,queens,2026-04-08T01:19:09.847226+00:00
Gramicci G-Short Pigment Dyed,Gramicci,2099.0,1889.0,True,10.0,https://www.queens.cz/cs/panske-kratasy/488584-gramicci-g-short-pigment-dyed-sand-pigment.html,queens,2026-04-08T01:19:09.847226+00:00
Gramicci Tote Pack,Gramicci,2599.0,2339.0,True,10.0,https://www.queens.cz/cs/panske-tasky-pres-rameno/488665-gramicci-tote-pack-black.html,queens,2026-04-08T01:19:09.847226+00:00
Gramicci Tote Pack,Gramicci,2599.0,2339.0,True,10.0,https://www.queens.cz/cs/panske-tasky-pres-rameno/488662-gramicci-tote-pack-brown.html,queens,2026-04-08T01:19:09.847226+00:00
Gramicci G-Short,Gramicci,1959.0,1769.0,True,9.7,https://www.queens.cz/cs/panske-kratasy/488581-gramicci-g-short-smokey-grey.html,queens,2026-04-08T01:19:09.847226+00:00
Gramicci Gadget Short,Gramicci,2699.0,2429.0,True,10.0,https://www.queens.cz/cs/panske-kratasy/488590-gramicci-gadget-short-chocolate.html,queens,2026-04-08T01:19:09.847226+00:00
Gramicci Gadget Short,Gramicci,2699.0,2429.0,True,10.0,https://www.queens.cz/cs/panske-kratasy/488593-gramicci-gadget-short-smokey-grey.html,queens,2026-04-08T01:19:09.847226+00:00
Gramicci Hemp G-Short,Gramicci,2599.0,2339.0,True,10.0,https://www.queens.cz/cs/panske-kratasy/488599-gramicci-hemp-g-short-olive.html,queens,2026-04-08T01:19:09.847226+00:00
Gramicci Messenger Bag,Gramicci,2599.0,2339.0,True,10.0,https://www.queens.cz/cs/panske-tasky-pres-rameno/488674-gramicci-messenger-bag-black.html,queens,2026-04-08T01:19:09.847226+00:00
Gramicci Hemp G-Short,Gramicci,2599.0,2339.0,True,10.0,https://www.queens.cz/cs/panske-kratasy/488605-gramicci-hemp-g-short-carbon.html,queens,2026-04-08T01:19:09.847226+00:00
Gramicci Multi Side Bag,Gramicci,1499.0,1349.0,True,10.0,https://www.queens.cz/cs/panske-tasky-pres-rameno/488677-gramicci-multi-side-bag-black.html,queens,2026-04-08T01:19:09.847226+00:00
KEEN Jasper Zionic,Keen,3999.0,3399.0,True,15.0,https://www.queens.cz/cs/panske-tenisky-a-boty/415135-keen-jasper-zionic-black-alloy.html,queens,2026-04-08T01:19:20.598983+00:00
KEEN Uneek O3,Keen,2899.0,,False,,https://www.queens.cz/cs/damske-tenisky-a-boty/415072-keen-uneek-o3-black-star-white.html,queens,2026-04-08T01:19:20.598983+00:00
KEEN Leiki Mid Wp,Keen,3899.0,3509.0,True,10.0,https://www.queens.cz/cs/damske-tenisky-a-boty/415276-keen-leiki-mid-wp-birch-cameo-rose.html,queens,2026-04-08T01:19:20.598983+00:00
KEEN Ks86,Keen,2999.0,2699.0,True,10.0,https://www.queens.cz/cs/damske-tenisky-a-boty/415210-keen-ks86-alloy-toadstool.html,queens,2026-04-08T01:19:20.598983+00:00
KEEN Targhee Iv Wp,Keen,4199.0,,False,,https://www.queens.cz/cs/panske-tenisky-a-boty/415162-keen-targhee-iv-wp-triple-black.html,queens,2026-04-08T01:19:20.598983+00:00
KEEN Versacore Wp,Keen,3599.0,3239.0,True,10.0,https://www.queens.cz/cs/panske-tenisky-a-boty/415123-keen-versacore-wp-black-magnet.html,queens,2026-04-08T01:19:20.598983+00:00
KEEN Knx Knit Lace,Keen,3299.0,2969.0,True,10.0,https://www.queens.cz/cs/panske-tenisky-a-boty/415177-keen-knx-knit-lace-martini-olive-plaza-taupe.html,queens,2026-04-08T01:19:20.598983+00:00
KEEN Versacore Speed,Keen,3399.0,3059.0,True,10.0,https://www.queens.cz/cs/damske-tenisky-a-boty/415111-keen-versacore-speed-star-white-alloy.html,queens,2026-04-08T01:19:20.598983+00:00
KEEN Rapids H2,Keen,2599.0,2339.0,True,10.0,https://www.queens.cz/cs/panske-tenisky-a-boty/414928-keen-rapids-h2-black-steel-grey.html,queens,2026-04-08T01:19:20.598983+00:00
KEEN Clearwater Cnx,Keen,2899.0,2609.0,True,10.0,https://www.queens.cz/cs/damske-tenisky-a-boty/414958-keen-clearwater-cnx-navy-blue-glow.html,queens,2026-04-08T01:19:20.598983+00:00
KEEN Knx Lace,Keen,3299.0,2969.0,True,10.0,https://www.queens.cz/cs/damske-tenisky-a-boty/415042-keen-knx-lace-star-white-star-white.html,queens,2026-04-08T01:19:20.598983+00:00
KEEN Targhee Iii Sandal,Keen,2899.0,2609.0,True,10.0,https://www.queens.cz/cs/panske-tenisky-a-boty/414940-keen-targhee-iii-sandal-grey-black.html,queens,2026-04-08T01:19:20.598983+00:00
KEEN Elle Criss Cross,Keen,2799.0,2519.0,True,10.0,https://www.queens.cz/cs/damske-tenisky-a-boty/415051-keen-elle-criss-cross-black-birch.html,queens,2026-04-08T01:19:20.598983+00:00
KEEN Zionic Mid Wp,Keen,4599.0,4139.0,True,10.0,https://www.queens.cz/cs/damske-tenisky-a-boty/415024-keen-zionic-mid-wp-dark-forest-sea-moss.html,queens,2026-04-08T01:19:20.598983+00:00
KEEN Clearwater Cnx,Keen,2899.0,2609.0,True,10.0,https://www.queens.cz/cs/panske-tenisky-a-boty/414889-keen-clearwater-cnx-black-gargoyle.html,queens,2026-04-08T01:19:20.598983+00:00
KEEN Hightrail Wp,Keen,3699.0,3329.0,True,10.0,https://www.queens.cz/cs/damske-tenisky-a-boty/415258-keen-hightrail-wp-alloy-lichen.html,queens,2026-04-08T01:19:20.598983+00:00
KEEN Newport H2,Keen,3199.0,2879.0,True,10.0,https://www.queens.cz/cs/panske-tenisky-a-boty/414925-keen-newport-h2-triple-black.html,queens,2026-04-08T01:19:20.598983+00:00
KEEN Knx Lace,Keen,3299.0,2969.0,True,10.0,https://www.queens.cz/cs/damske-tenisky-a-boty/415039-keen-knx-lace-black-star-white.html,queens,2026-04-08T01:19:20.598983+00:00
KEEN Elle Criss Cross,Keen,2799.0,2519.0,True,10.0,https://www.queens.cz/cs/damske-tenisky-a-boty/415054-keen-elle-criss-cross-brindle-birch.html,queens,2026-04-08T01:19:20.598983+00:00
KEEN Ks86,Keen,2999.0,,False,,https://www.queens.cz/cs/panske-tenisky-a-boty/415141-keen-ks86-dark-earth-black.html,queens,2026-04-08T01:19:20.598983+00:00
KEEN Targhee Iv Wp,Keen,4199.0,3779.0,True,10.0,https://www.queens.cz/cs/damske-tenisky-a-boty/415102-keen-targhee-iv-wp-brindle-nostalgia-rose.html,queens,2026-04-08T01:19:20.598983+00:00
KEEN Clearwater Cnx Leather,Keen,3199.0,2879.0,True,10.0,https://www.queens.cz/cs/panske-tenisky-a-boty/414895-keen-clearwater-cnx-leather-dark-earth-black.html,queens,2026-04-08T01:19:20.598983+00:00
KEEN Targhee Iv Wp,Keen,4199.0,,False,,https://www.queens.cz/cs/panske-tenisky-a-boty/415381-keen-targhee-iv-wp-sea-turtle-roasted-pecan.html,queens,2026-04-08T01:19:20.598983+00:00
KEEN Knx Knit Lace,Keen,3299.0,2969.0,True,10.0,https://www.queens.cz/cs/damske-tenisky-a-boty/415171-keen-knx-knit-lace-granite-green-lichen.html,queens,2026-04-08T01:19:20.598983+00:00
On W Cloudnova 2,On,4490.0,,False,,https://www.queens.cz/cs/damske-tenisky-a-boty/403804-on-w-cloudnova-2-ice-sand.html,queens,2026-04-08T01:19:30.132283+00:00
On Performance Volt Shorts,On,2699.0,,False,,https://www.queens.cz/cs/panske-kratasy/497203-on-performance-volt-shorts-glacier.html,queens,2026-04-08T01:19:30.132283+00:00
On W Cloud 6,On,4290.0,,False,,https://www.queens.cz/cs/damske-tenisky-a-boty/403708-on-w-cloud-6-white-white.html,queens,2026-04-08T01:19:30.132283+00:00
On Merino Beanie,On,999.0,749.0,True,25.0,https://www.queens.cz/cs/panske-cepice/465712-on-merino-beanie-cinder.html,queens,2026-04-08T01:19:30.132283+00:00
On Performance Volt Shorts,On,2699.0,,False,,https://www.queens.cz/cs/damska-tricka/497197-on-performance-volt-shorts-glacier.html,queens,2026-04-08T01:19:30.132283+00:00
On W Cloud X 4,On,4290.0,,False,,https://www.queens.cz/cs/damske-tenisky-a-boty/385231-on-w-cloud-x-4-ivory-black.html,queens,2026-04-08T01:19:30.132283+00:00
On M Cloudnova 2,On,4490.0,,False,,https://www.queens.cz/cs/panske-tenisky-a-boty/494554-on-m-cloudnova-2-ice-zodiac.html,queens,2026-04-08T01:19:30.132283+00:00
"On 7"" Performance Shorts",On,1999.0,1499.0,True,25.0,https://www.queens.cz/cs/panske-kratasy/463015-on-7-performance-shorts-flame.html,queens,2026-04-08T01:19:30.132283+00:00
On M Cloud X 4,On,4290.0,3859.0,True,10.0,https://www.queens.cz/cs/panske-tenisky-a-boty/385234-on-m-cloud-x-4-ivory-black.html,queens,2026-04-08T01:19:30.132283+00:00
On Elite Run Sock High Hyper,On,999.0,,False,,https://www.queens.cz/cs/panske-ponozky/497122-on-elite-run-sock-high-hyper-white.html,queens,2026-04-08T01:19:30.132283+00:00
On Ultra Cap,On,1590.0,,False,,https://www.queens.cz/cs/panske-ksiltovky/497149-on-ultra-cap-fog.html,queens,2026-04-08T01:19:30.132283+00:00
On M Cloudnova 2,On,4490.0,,False,,https://www.queens.cz/cs/panske-tenisky-a-boty/397447-on-m-cloudnova-2-all-black.html,queens,2026-04-08T01:19:30.132283+00:00
On M Cloud 6 WP,On,4790.0,,False,,https://www.queens.cz/cs/panske-tenisky-a-boty/403678-on-m-cloud-6-wp-black-black.html,queens,2026-04-08T01:19:30.132283+00:00
On Logo Sock High 3-Pack,On,629.0,479.0,True,23.8,https://www.queens.cz/cs/panske-ponozky/493405-on-logo-sock-high-3-pack-heather-gray.html,queens,2026-04-08T01:19:30.132283+00:00
On M The Roger Centre Court,On,5290.0,,False,,https://www.queens.cz/cs/panske-tenisky-a-boty/494602-on-m-the-roger-centre-court-white-white.html,queens,2026-04-08T01:19:30.132283+00:00
On M The Roger Advantage,On,4290.0,,False,,https://www.queens.cz/cs/panske-tenisky-a-boty/450958-on-m-the-roger-advantage-white-white.html,queens,2026-04-08T01:19:30.132283+00:00
On Core Run Sock Mid 2-Pack,On,830.0,629.0,True,24.2,https://www.queens.cz/cs/panske-ponozky/462715-on-core-run-sock-mid-2-pack-white.html,queens,2026-04-08T01:19:30.132283+00:00
On Core Run Sock Mid 2-Pack,On,830.0,669.0,True,19.4,https://www.queens.cz/cs/panske-ponozky/462709-on-core-run-sock-mid-2-pack-black.html,queens,2026-04-08T01:19:30.132283+00:00
On Core Run Sock Mid 2-Pack,On,830.0,669.0,True,19.4,https://www.queens.cz/cs/panske-ponozky/462814-on-core-run-sock-mid-2-pack-blue.html,queens,2026-04-08T01:19:30.132283+00:00
On W Cloudzone,On,3990.0,,False,,https://www.queens.cz/cs/damske-tenisky-a-boty/458749-on-w-cloudzone-ice-black.html,queens,2026-04-08T01:19:30.132283+00:00
On W Cloud 6 WP,On,4790.0,,False,,https://www.queens.cz/cs/damske-tenisky-a-boty/494539-on-w-cloud-6-wp-sand-desert.html,queens,2026-04-08T01:19:30.132283+00:00
On Climate Shirt,On,2959.0,2369.0,True,19.9,https://www.queens.cz/cs/panske-mikiny/472570-on-climate-shirt-desert.html,queens,2026-04-08T01:19:30.132283+00:00
On M Cloudtilt,On,4159.0,,False,,https://www.queens.cz/cs/panske-tenisky-a-boty/508423-on-m-cloudtilt-olive-desert.html,queens,2026-04-08T01:19:30.132283+00:00
On Performance Tight 7/8 AOP,On,3299.0,2809.0,True,14.9,https://www.queens.cz/cs/damske-leginy/463072-on-performance-tight-7-8-aop-cinder.html,queens,2026-04-08T01:19:30.132283+00:00
Osprey Arcane Small Day,Osprey,2459.0,1849.0,True,24.8,https://www.queens.cz/cs/panske-batohy/462337-osprey-arcane-small-day-black.html,queens,2026-04-08T01:19:42.247175+00:00
Osprey Transporter Carry On Bag 36,Osprey,4799.0,3359.0,True,30.0,https://www.queens.cz/cs/panske-batohy/417979-osprey-transporter-carry-on-bag-36-raven-black-black.html,queens,2026-04-08T01:19:42.247175+00:00
Osprey Transporter Waterproof Roll Top 25,Osprey,4399.0,3079.0,True,30.0,https://www.queens.cz/cs/panske-batohy/486865-osprey-transporter-waterproof-roll-top-25-lemongrass-yellow.html,queens,2026-04-08T01:19:42.247175+00:00
Osprey Aoede Airspeed Backpack 20L,Osprey,3399.0,2039.0,True,40.0,https://www.queens.cz/cs/panske-batohy/417487-osprey-aoede-airspeed-backpack-20l-antique-blue.html,queens,2026-04-08T01:19:42.247175+00:00
Osprey Metron Wp 25,Osprey,6199.0,4959.0,True,20.0,https://www.queens.cz/cs/panske-batohy/417457-osprey-metron-wp-25-black-anchor-blue.html,queens,2026-04-08T01:19:42.247175+00:00
Osprey Arcane Extra Large Day,Osprey,2999.0,,False,,https://www.queens.cz/cs/panske-batohy/417493-osprey-arcane-extra-large-day-black.html,queens,2026-04-08T01:19:42.247175+00:00
Osprey Metron Wp 25,Osprey,6299.0,,False,,https://www.queens.cz/cs/panske-batohy/417460-osprey-metron-wp-25-magma-brown-goby-orange.html,queens,2026-04-08T01:19:42.247175+00:00
Osprey Talon 6,Osprey,2099.0,1679.0,True,20.0,https://www.queens.cz/cs/panske-ledvinky/460132-osprey-talon-6-scoria-blue-night-shift.html,queens,2026-04-08T01:19:42.247175+00:00
Osprey Metron 24 Pack,Osprey,4259.0,,False,,https://www.queens.cz/cs/panske-batohy/417472-osprey-metron-24-pack-black-anchor-blue.html,queens,2026-04-08T01:19:42.247175+00:00
Osprey Porter 65,Osprey,5799.0,,False,,https://www.queens.cz/cs/panske-batohy/417757-osprey-porter-65-black.html,queens,2026-04-08T01:19:42.247175+00:00
Osprey Porter 46,Osprey,5299.0,,False,,https://www.queens.cz/cs/panske-batohy/417763-osprey-porter-46-black.html,queens,2026-04-08T01:19:42.247175+00:00
Osprey Arcane Small Day,Osprey,2699.0,2299.0,True,14.8,https://www.queens.cz/cs/panske-batohy/417526-osprey-arcane-small-day-black.html,queens,2026-04-08T01:19:42.247175+00:00
Osprey Arcane Large Day,Osprey,2999.0,2549.0,True,15.0,https://www.queens.cz/cs/panske-batohy/417511-osprey-arcane-large-day-black.html,queens,2026-04-08T01:19:42.247175+00:00
Osprey Transporter Waist Pack,Osprey,1099.0,989.0,True,10.0,https://www.queens.cz/cs/ledvinky/415795-osprey-transporter-waist-pack-raven-black-black.html,queens,2026-04-08T01:19:42.247175+00:00
Osprey Porter 46,Osprey,5299.0,,False,,https://www.queens.cz/cs/panske-batohy/417766-osprey-porter-46-brindle-brown.html,queens,2026-04-08T01:19:42.247175+00:00
Osprey Porter 46,Osprey,5299.0,,False,,https://www.queens.cz/cs/panske-batohy/417769-osprey-porter-46-koseret-green.html,queens,2026-04-08T01:19:42.247175+00:00
Osprey Arcane Roll Top Backpack,Osprey,2799.0,2519.0,True,10.0,https://www.queens.cz/cs/panske-batohy/415753-osprey-arcane-roll-top-backpack-cascade-blue.html,queens,2026-04-08T01:19:42.247175+00:00
Osprey Transporter 120,Osprey,5299.0,,False,,https://www.queens.cz/cs/tasky-pres-rameno/417886-osprey-transporter-120-blue-flame-scoria-blue.html,queens,2026-04-08T01:19:42.247175+00:00
Osprey Daylite Crossbody Pouch,Osprey,629.0,,False,,https://www.queens.cz/cs/ledvinky/395833-osprey-daylite-crossbody-pouch-black.html,queens,2026-04-08T01:19:42.247175+00:00
Osprey Transporter 65,Osprey,4299.0,,False,,https://www.queens.cz/cs/tasky-pres-rameno/417907-osprey-transporter-65-blue-flame-scoria-blue.html,queens,2026-04-08T01:19:42.247175+00:00
Osprey Transporter 65,Osprey,4299.0,,False,,https://www.queens.cz/cs/tasky-pres-rameno/417916-osprey-transporter-65-pine-leaf-earl-grey.html,queens,2026-04-08T01:19:42.247175+00:00
Osprey Transporter 40,Osprey,3799.0,,False,,https://www.queens.cz/cs/tasky-pres-rameno/417928-osprey-transporter-40-pine-leaf-earl-grey.html,queens,2026-04-08T01:19:42.247175+00:00
Osprey Transporter 30,Osprey,3299.0,,False,,https://www.queens.cz/cs/tasky-pres-rameno/417934-osprey-transporter-30-raven-black-black.html,queens,2026-04-08T01:19:42.247175+00:00
Osprey Nebul,Osprey,3399.0,,False,,https://www.queens.cz/cs/panske-batohy/506017-osprey-nebul-graphite-purple-heather.html,queens,2026-04-08T01:19:42.247175+00:00
Patagonia Fishermans Rolled Beanie ,Patagonia,1099.0,609.0,True,44.6,https://www.queens.cz/cs/cepice/75101-patagonia-fishermans-rolled-beanie-navy.html,queens,2026-04-08T01:19:53.157838+00:00
Patagonia M's P-6 Label Uprisal Hoody,Patagonia,2459.0,,False,,https://www.queens.cz/cs/mikiny/508294-patagonia-m-s-p-6-label-uprisal-hoody-.html,queens,2026-04-08T01:19:53.157838+00:00
Patagonia Atom Day Pack 24L,Patagonia,2559.0,1919.0,True,25.0,https://www.queens.cz/cs/batohy/465640-patagonia-atom-day-pack-24l-black.html,queens,2026-04-08T01:19:53.157838+00:00
Patagonia Fishermans Rolled Beanie ,Patagonia,1099.0,719.0,True,34.6,https://www.queens.cz/cs/cepice/240760-patagonia-fishermans-rolled-beanie-nouveau-green.html,queens,2026-04-08T01:19:53.157838+00:00
Patagonia Refugio Day Pack 26L,Patagonia,2459.0,,False,,https://www.queens.cz/cs/panske-tasky-pres-rameno/508300-patagonia-refugio-day-pack-26l-black.html,queens,2026-04-08T01:19:53.157838+00:00
Patagonia Terravia Mini Hip Pack,Patagonia,899.0,,False,,https://www.queens.cz/cs/ledvinky/423439-patagonia-terravia-mini-hip-pack-black.html,queens,2026-04-08T01:19:53.157838+00:00
Patagonia Refugio Day Pack 30L,Patagonia,2959.0,,False,,https://www.queens.cz/cs/batohy/508303-patagonia-refugio-day-pack-30l-.html,queens,2026-04-08T01:19:53.157838+00:00
Patagonia M's Downdrift Jacket,Patagonia,8899.0,5789.0,True,34.9,https://www.queens.cz/cs/bundy/465619-patagonia-m-s-downdrift-jacket-.html,queens,2026-04-08T01:19:53.157838+00:00
Patagonia M's Classic Retro-X Jacket,Patagonia,5999.0,4199.0,True,30.0,https://www.queens.cz/cs/bundy/465622-patagonia-m-s-classic-retro-x-jacket-clement-blue.html,queens,2026-04-08T01:19:53.157838+00:00
Patagonia Atom Tote Pack 20L,Patagonia,2199.0,,False,,https://www.queens.cz/cs/batohy/508306-patagonia-atom-tote-pack-20l-.html,queens,2026-04-08T01:19:53.157838+00:00
Patagonia W's Houdini Jacket,Patagonia,2699.0,,False,,https://www.queens.cz/cs/bundy/508297-patagonia-w-s-houdini-jacket-black.html,queens,2026-04-08T01:19:53.157838+00:00
Patagonia Black Hole® Waist Pack 5L,Patagonia,1959.0,1469.0,True,25.0,https://www.queens.cz/cs/ledvinky/474571-patagonia-black-hole-waist-pack-5l-black.html,queens,2026-04-08T01:19:53.157838+00:00
Patagonia Fishermans Rolled Beanie,Patagonia,999.0,649.0,True,35.0,https://www.queens.cz/cs/cepice/459565-patagonia-fishermans-rolled-beanie-cascade-green.html,queens,2026-04-08T01:19:53.157838+00:00
Patagonia W's Silent Down Long Parka,Patagonia,10999.0,8249.0,True,25.0,https://www.queens.cz/cs/parky/492430-patagonia-w-s-silent-down-long-parka-black.html,queens,2026-04-08T01:19:53.157838+00:00
Patagonia W's Houdini Jacket,Patagonia,2699.0,,False,,https://www.queens.cz/cs/bundy/508288-patagonia-w-s-houdini-jacket-light-violet.html,queens,2026-04-08T01:19:53.157838+00:00
Patagonia P­6 Logo Trucker Hat ,Patagonia,999.0,799.0,True,20.0,https://www.queens.cz/cs/ksiltovky/104902-patagonia-p6-logo-trucker-hat-black.html,queens,2026-04-08T01:19:53.157838+00:00
Patagonia W's Jackson Glacier Jacket,Patagonia,12299.0,9229.0,True,25.0,https://www.queens.cz/cs/bundy/492418-patagonia-w-s-jackson-glacier-jacket-black.html,queens,2026-04-08T01:19:53.157838+00:00
Patagonia Terravia Hip Pack,Patagonia,1399.0,1119.0,True,20.0,https://www.queens.cz/cs/ledvinky/429544-pata.html,queens,2026-04-08T01:19:53.157838+00:00
Patagonia P-6 Logo LoPro Trucker Hat,Patagonia,999.0,799.0,True,20.0,https://www.queens.cz/cs/ksiltovky/388306-patagonia-p-6-logo-lopro-trucker-hat-new-navy.html,queens,2026-04-08T01:19:53.157838+00:00
Patagonia W's Houdini Stash 1/2 Zip P/O,Patagonia,3459.0,,False,,https://www.queens.cz/cs/bundy/508291-patagonia-w-s-houdini-stash-12-zip-po-moon-tripper-blue-sage.html,queens,2026-04-08T01:19:53.157838+00:00
Patagonia M's Houdini Jacket,Patagonia,2699.0,,False,,https://www.queens.cz/cs/bundy/492427-patagonia-m-s-houdini-jacket-pond-green.html,queens,2026-04-08T01:19:53.157838+00:00
Patagonia W's P-6 Logo Responsibili-Tee,Patagonia,1159.0,929.0,True,19.8,https://www.queens.cz/cs/tricka/465634-patagonia-w-s-p-6-logo-responsibili-tee-black.html,queens,2026-04-08T01:19:53.157838+00:00
Patagonia Graphic Maclure Hat,Patagonia,1259.0,,False,,https://www.queens.cz/cs/ksiltovky/508279-patagonia-graphic-maclure-hat-p-6-label-birch-white.html,queens,2026-04-08T01:19:53.157838+00:00
Patagonia Black Hole Pack 25L,Patagonia,3799.0,,False,,https://www.queens.cz/cs/batohy/465646-patagonia-black-hole-pack-25l-black.html,queens,2026-04-08T01:19:53.157838+00:00
Rains Backpack W3,Rains,2359.0,1419.0,True,39.8,https://www.queens.cz/cs/batohy/325321-rains-backpack-w3-01-black.html,queens,2026-04-08T01:20:04.281657+00:00
Rains Kevo Short Puffer Jacket W4T3 UNISEX,Rains,8399.0,3359.0,True,60.0,https://www.queens.cz/cs/bundy/385288-rains-kevo-short-puffer-jacket-w4t3-unisex-black.html,queens,2026-04-08T01:20:04.281657+00:00
Voniak Santal Bombay Eau De Parfum 50 ml,VONIAK,1499.0,1349.0,True,10.0,https://www.queens.cz/cs/parfemy/493477-voniak-santal-bombay-eau-de-parfum-50-ml.html,queens,2026-04-08T01:20:15.466006+00:00
Voniak Deep Focus Incense Sticks 48 Pcs + Holder,VONIAK,499.0,399.0,True,20.0,https://www.queens.cz/cs/ostatni-doplnky/493471-voniak-deep-focus-incense-sticks-48-pcs-holder.html,queens,2026-04-08T01:20:15.466006+00:00
Voniak Self-Care Incense Sticks 48 Pcs + Holder,VONIAK,499.0,399.0,True,20.0,https://www.queens.cz/cs/ostatni-doplnky/493474-voniak-self-care-incense-sticks-48-pcs-holder.html,queens,2026-04-08T01:20:15.466006+00:00
Voniak Santal Bombay Hand Soap 300 ml,VONIAK,399.0,319.0,True,20.1,https://www.queens.cz/cs/ostatni-doplnky/493492-voniak-santal-bombay-hand-soap-300-ml.html,queens,2026-04-08T01:20:15.466006+00:00
Voniak Persei Eau De Parfum 50 ml,VONIAK,1499.0,,False,,https://www.queens.cz/cs/parfemy/493483-voniak-persei-eau-de-parfum-50-ml.html,queens,2026-04-08T01:20:15.466006+00:00
Voniak Santal Bombay Body Lotion 300 ml,VONIAK,499.0,399.0,True,20.0,https://www.queens.cz/cs/ostatni-doplnky/493486-voniak-santal-bombay-body-lotion-300-ml.html,queens,2026-04-08T01:20:15.466006+00:00
Voniak Santorini Breeze Home Diffuser 100 ml,VONIAK,599.0,509.0,True,15.0,https://www.queens.cz/cs/ostatni-doplnky/493459-voniak-santorini-breeze-home-diffuser-100-ml.html,queens,2026-04-08T01:20:15.466006+00:00
Voniak Energy Boost Incense Sticks 48 Pcs + Holder,VONIAK,499.0,429.0,True,14.0,https://www.queens.cz/cs/ostatni-doplnky/493468-voniak-energy-boost-incense-sticks-48-pcs-holder.html,queens,2026-04-08T01:20:15.466006+00:00
Voniak Woods Of Kyushu Hand Soap 300 ml,VONIAK,399.0,359.0,True,10.0,https://www.queens.cz/cs/ostatni-doplnky/493495-voniak-woods-of-kyushu-hand-soap-300-ml.html,queens,2026-04-08T01:20:15.466006+00:00
Voniak Atlantis Eau De Parfum 50 ml,VONIAK,1499.0,,False,,https://www.queens.cz/cs/parfemy/493480-voniak-atlantis-eau-de-parfum-50-ml.html,queens,2026-04-08T01:20:15.466006+00:00
Voniak Woods Of Kyushu Body Lotion 300 ml,VONIAK,499.0,,False,,https://www.queens.cz/cs/ostatni-doplnky/493489-voniak-woods-of-kyushu-body-lotion-300-ml.html,queens,2026-04-08T01:20:15.466006+00:00
Voniak Namaste Home Diffuser 100 ml,VONIAK,599.0,,False,,https://www.queens.cz/cs/ostatni-doplnky/493462-voniak-namaste-home-diffuser-100-ml.html,queens,2026-04-08T01:20:15.466006+00:00
Voniak Santorini Breeze Body Lotion 300 ml,VONIAK,499.0,,False,,https://www.queens.cz/cs/ostatni-doplnky/493501-voniak-santorini-breeze-body-lotion-300-ml.html,queens,2026-04-08T01:20:15.466006+00:00
Veja Campo Chromefree Leather ,Veja,3459.0,,False,,https://www.queens.cz/cs/damske-tenisky-a-boty/122549-veja-campo-chromefree-leather-extra-white-natural-suede.html,queens,2026-04-08T01:20:27.460761+00:00
Veja V-82 II,Veja,4399.0,,False,,https://www.queens.cz/cs/panske-tenisky-a-boty/488995-veja-v-82-ii-taupe-calcaire-natural.html,queens,2026-04-08T01:20:27.460761+00:00
Veja W Panenka,Veja,3959.0,2969.0,True,25.0,https://www.queens.cz/cs/damske-tenisky-a-boty/488896-veja-w-panenka-off-white.html,queens,2026-04-08T01:20:27.460761+00:00
Veja W Panenka,Veja,3459.0,2599.0,True,24.9,https://www.queens.cz/cs/damske-tenisky-a-boty/488869-veja-w-panenka-white-black-bark.html,queens,2026-04-08T01:20:27.460761+00:00
Veja Salar,Veja,4559.0,,False,,https://www.queens.cz/cs/panske-tenisky-a-boty/488956-veja-salar-areia-pierre-oat.html,queens,2026-04-08T01:20:27.460761+00:00
Veja W V-90 O.T Leather,Veja,3999.0,3199.0,True,20.0,https://www.queens.cz/cs/damske-tenisky-a-boty/409807-veja-w-v-90-ot-leather-ex-whitemarsala.html,queens,2026-04-08T01:20:27.460761+00:00
Veja Salar,Veja,4559.0,,False,,https://www.queens.cz/cs/panske-tenisky-a-boty/488959-veja-salar-tent-eagle-black.html,queens,2026-04-08T01:20:27.460761+00:00
Veja W Arpoador,Veja,3199.0,2559.0,True,20.0,https://www.queens.cz/cs/damske-tenisky-a-boty/488887-veja-w-arpoador-full-black.html,queens,2026-04-08T01:20:27.460761+00:00
Veja W Volley,Veja,3299.0,,False,,https://www.queens.cz/cs/damske-tenisky-a-boty/424129-veja-w-volley-white-nautico-bark.html,queens,2026-04-08T01:20:27.460761+00:00
Veja W V-82 II,Veja,4399.0,,False,,https://www.queens.cz/cs/damske-tenisky-a-boty/488998-veja-w-v-82-ii-white-pierre-tent.html,queens,2026-04-08T01:20:27.460761+00:00
Veja W Salar,Veja,4559.0,,False,,https://www.queens.cz/cs/damske-tenisky-a-boty/488953-veja-w-salar-areia-pierre-oat.html,queens,2026-04-08T01:20:27.460761+00:00
Veja W Venturi Ii Alvm,Veja,4299.0,3869.0,True,10.0,https://www.queens.cz/cs/damske-tenisky-a-boty/450967-veja-w-venturi-ii-alvm-whitepierre.html,queens,2026-04-08T01:20:27.460761+00:00
Veja W Rio Branco II,Veja,3459.0,3119.0,True,9.8,https://www.queens.cz/cs/damske-tenisky-a-boty/488872-veja-w-rio-branco-ii-white-pierre.html,queens,2026-04-08T01:20:27.460761+00:00
Veja W Volley Suede,Veja,3299.0,2639.0,True,20.0,https://www.queens.cz/cs/damske-tenisky-a-boty/450979-veja-w-volley-suede-tentnaturaleagle.html,queens,2026-04-08T01:20:27.460761+00:00
Veja W SALAR LT,Veja,4559.0,,False,,https://www.queens.cz/cs/damske-tenisky-a-boty/488962-veja-w-salar-lt-pierre-silver.html,queens,2026-04-08T01:20:27.460761+00:00
Veja Arpoador,Veja,3199.0,2719.0,True,15.0,https://www.queens.cz/cs/panske-tenisky-a-boty/488935-veja-arpoador-militar-kaki-black.html,queens,2026-04-08T01:20:27.460761+00:00
Veja W V-90 O.T Leather,Veja,3999.0,3199.0,True,20.0,https://www.queens.cz/cs/damske-tenisky-a-boty/409804-veja-w-v-90-ot-leather-ex-whitenatural.html,queens,2026-04-08T01:20:27.460761+00:00
Veja W Campo,Veja,3459.0,2939.0,True,15.0,https://www.queens.cz/cs/damske-tenisky-a-boty/488866-veja-w-campo-guimauve-pierre-petale.html,queens,2026-04-08T01:20:27.460761+00:00
Veja W Panenka Suede,Veja,3459.0,2939.0,True,15.0,https://www.queens.cz/cs/damske-tenisky-a-boty/451378-veja-w-panenka-suede-taupepierrebark.html,queens,2026-04-08T01:20:27.460761+00:00
Veja W Veja V-82,Veja,4399.0,,False,,https://www.queens.cz/cs/damske-tenisky-a-boty/488989-veja-w-veja-v-82-pure-calcaire-fury.html,queens,2026-04-08T01:20:27.460761+00:00
Veja W Etna,Veja,2959.0,2669.0,True,9.8,https://www.queens.cz/cs/damske-tenisky-a-boty/488950-veja-w-etna-ocre-almond.html,queens,2026-04-08T01:20:27.460761+00:00
Veja x Baserange Jitsu,Veja,4559.0,,False,,https://www.queens.cz/cs/panske-tenisky-a-boty/488986-veja-x-baserange-jitsu-black.html,queens,2026-04-08T01:20:27.460761+00:00
Veja V-82,Veja,4399.0,,False,,https://www.queens.cz/cs/panske-tenisky-a-boty/488992-veja-v-82-pure-calcaire-fury.html,queens,2026-04-08T01:20:27.460761+00:00
Veja Arpoador,Veja,3199.0,2879.0,True,10.0,https://www.queens.cz/cs/panske-tenisky-a-boty/488932-veja-arpoador-full-black.html,queens,2026-04-08T01:20:27.460761+00:00
